Rank;Title;Release year;Runtime;Genre;Rating;Director(s);Votes;Gross;
1;The Shawshank Redemption;1994;142 min;Drama;9.3;Frank Darabont;2477417;$28.34M;
2;The Godfather;1972;175 min;Crime, Drama;9.2;Francis Ford Coppola;1711374;$134.97M;
3;Soorarai Pottru;2020;153 min;Drama;9.1;Sudha Kongara;90665;?;
4;The Dark Knight;2008;152 min;Action, Crime, Drama;9.0;Christopher Nolan;2431550;$534.86M;
5;The Godfather: Part II;1974;202 min;Crime, Drama;9.0;Francis Ford Coppola;1188781;$57.30M;
6;12 Angry Men;1957;96 min;Crime, Drama;9.0;Sidney Lumet;733266;$4.36M;
7;The Lord of the Rings: The Return of the King;2003;201 min;Action, Adventure, Drama;8.9;Peter Jackson;1716971;$377.85M;
8;Pulp Fiction;1994;154 min;Crime, Drama;8.9;Quentin Tarantino;1917660;$107.93M;
9;Schindler's List;1993;195 min;Biography, Drama, History;8.9;Steven Spielberg;1272064;$96.90M;
10;Inception;2010;148 min;Action, Adventure, Sci-Fi;8.8;Christopher Nolan;2182001;$292.58M;
11;Dara of Jasenovac;2020;130 min;Drama, War;8.8;Predrag Antonijevic;79562;?;
12;Fight Club;1999;139 min;Drama;8.8;David Fincher;1951575;$37.03M;
13;The Lord of the Rings: The Fellowship of the Ring;2001;178 min;Action, Adventure, Drama;8.8;Peter Jackson;1738248;$315.54M;
14;Forrest Gump;1994;142 min;Drama, Romance;8.8;Robert Zemeckis;1915334;$330.25M;
15;The Good, the Bad and the Ugly;1966;178 min;Western;8.8;Sergio Leone;720749;$6.10M;
16;Shershaah;2021;135 min;Action, Biography, Drama;8.7;Vishnuvardhan;105297;?;
17;The Lord of the Rings: The Two Towers;2002;179 min;Action, Adventure, Drama;8.7;Peter Jackson;1552209;$342.55M;
18;The Matrix;1999;136 min;Action, Sci-Fi;8.7;Lana Wachowski, Lilly Wachowski;1770216;$171.48M;
19;Goodfellas;1990;146 min;Biography, Crime, Drama;8.7;Martin Scorsese;1075469;$46.84M;
20;Star Wars: Episode V - The Empire Strikes Back;1980;124 min;Action, Adventure, Fantasy;8.7;Irvin Kershner;1210018;$290.48M;
21;One Flew Over the Cuckoo's Nest;1975;133 min;Drama;8.7;Milos Forman;957516;$112.00M;
22;Parasite;2019;132 min;Comedy, Drama, Thriller;8.6;Bong Joon Ho;673193;$53.37M;
23;Drishyam 2;2021;152 min;Crime, Drama, Thriller;8.6;Jeethu Joseph;31126;?;
24;Interstellar;2014;169 min;Adventure, Drama, Sci-Fi;8.6;Christopher Nolan;1627767;$188.02M;
25;City of God;2002;130 min;Crime, Drama;8.6;Fernando Meirelles, Kátia Lund;724263;$7.56M;
26;Spirited Away;2001;125 min;Animation, Adventure, Family;8.6;Hayao Miyazaki;698148;$10.06M;
27;Saving Private Ryan;1998;169 min;Drama, War;8.6;Steven Spielberg;1298135;$216.54M;
28;The Green Mile;1999;189 min;Crime, Drama, Fantasy;8.6;Frank Darabont;1209427;$136.80M;
29;Life Is Beautiful;1997;116 min;Comedy, Drama, Romance;8.6;Roberto Benigni;654947;$57.60M;
30;Se7en;1995;127 min;Crime, Drama, Mystery;8.6;David Fincher;1524950;$100.13M;
31;The Silence of the Lambs;1991;118 min;Crime, Drama, Thriller;8.6;Jonathan Demme;1338453;$130.74M;
32;Star Wars: Episode IV - A New Hope;1977;121 min;Action, Adventure, Fantasy;8.6;George Lucas;1281811;$322.74M;
33;Hara-Kiri;1962;133 min;Action, Drama, Mystery;8.6;Masaki Kobayashi;49717;?;
34;Seven Samurai;1954;207 min;Action, Adventure, Drama;8.6;Akira Kurosawa;330187;$0.27M;
35;It's a Wonderful Life;1946;130 min;Drama, Family, Fantasy;8.6;Frank Capra;423773;?;
36;Whiplash;2014;106 min;Drama, Music;8.5;Damien Chazelle;768646;$13.09M;
37;The Intouchables;2011;112 min;Biography, Comedy, Drama;8.5;Olivier Nakache, Éric Toledano;800722;$13.18M;
38;The Prestige;2006;130 min;Drama, Mystery, Sci-Fi;8.5;Christopher Nolan;1250554;$53.09M;
39;The Departed;2006;151 min;Crime, Drama, Thriller;8.5;Martin Scorsese;1246132;$132.38M;
40;The Pianist;2002;150 min;Biography, Drama, Music;8.5;Roman Polanski;774685;$32.57M;
41;Gladiator;2000;155 min;Action, Adventure, Drama;8.5;Ridley Scott;1405612;$187.71M;
42;American History X;1998;119 min;Drama;8.5;Tony Kaye;1070846;$6.72M;
43;The Usual Suspects;1995;106 min;Crime, Drama, Mystery;8.5;Bryan Singer;1032610;$23.34M;
44;Léon: The Professional;1994;110 min;Action, Crime, Drama;8.5;Luc Besson;1087097;$19.50M;
45;The Lion King;1994;88 min;Animation, Adventure, Drama;8.5;Roger Allers, Rob Minkoff;987981;$422.78M;
46;Terminator 2: Judgment Day;1991;137 min;Action, Sci-Fi;8.5;James Cameron;1037555;$204.84M;
47;Cinema Paradiso;1988;155 min;Drama, Romance;8.5;Giuseppe Tornatore;246566;$11.99M;
48;Grave of the Fireflies;1988;89 min;Animation, Drama, War;8.5;Isao Takahata;254390;?;
49;Back to the Future;1985;116 min;Adventure, Comedy, Sci-Fi;8.5;Robert Zemeckis;1118371;$210.61M;
50;Once Upon a Time in the West;1968;165 min;Western;8.5;Sergio Leone;315563;$5.32M;
51;Psycho;1960;109 min;Horror, Mystery, Thriller;8.5;Alfred Hitchcock;633787;$32.00M;
52;Pather Panchali;1955;125 min;Drama;8.5;Satyajit Ray;28883;$0.54M;
53;Rear Window;1954;112 min;Mystery, Thriller;8.5;Alfred Hitchcock;467472;$36.76M;
54;Casablanca;1942;102 min;Drama, Romance, War;8.5;Michael Curtiz;544891;$1.02M;
55;Modern Times;1936;87 min;Comedy, Drama, Family;8.5;Charles Chaplin;229699;$0.16M;
56;City Lights;1931;87 min;Comedy, Drama, Romance;8.5;Charles Chaplin;176722;$0.02M;
57;Hamilton;2020;160 min;Biography, Drama, History;8.4;Thomas Kail;75309;?;
58;Capernaum;2018;126 min;Drama;8.4;Nadine Labaki;76715;$1.66M;
59;Joker;2019;122 min;Crime, Drama, Thriller;8.4;Todd Phillips;1081953;$335.45M;
60;Raatchasan;2018;170 min;Action, Crime, Drama;8.4;Ram Kumar;35324;?;
61;Ayla: The Daughter of War;2017;125 min;Biography, Drama, History;8.4;Can Ulkay, Halenur Uzunoglu;37229;?;
62;Your Name.;2016;106 min;Animation, Drama, Fantasy;8.4;Makoto Shinkai;227794;$5.02M;
63;Dangal;2016;161 min;Action, Biography, Drama;8.4;Nitesh Tiwari;172477;$12.39M;
64;Spider-Man: Into the Spider-Verse;2018;117 min;Animation, Action, Adventure;8.4;Bob Persichetti, Peter Ramsey, Rodney Rothman;432598;$190.24M;
65;Avengers: Endgame;2019;181 min;Action, Adventure, Drama;8.4;Anthony Russo, Joe Russo;950913;$858.37M;
66;Avengers: Infinity War;2018;149 min;Action, Adventure, Sci-Fi;8.4;Anthony Russo, Joe Russo;932972;$678.82M;
67;Coco;2017;105 min;Animation, Adventure, Comedy;8.4;Lee Unkrich, Adrian Molina;436395;$209.73M;
68;Django Unchained;2012;165 min;Drama, Western;8.4;Quentin Tarantino;1435169;$162.81M;
69;The Dark Knight Rises;2012;164 min;Action, Crime;8.4;Christopher Nolan;1585268;$448.14M;
70;3 Idiots;2009;170 min;Comedy, Drama;8.4;Rajkumar Hirani;369551;$6.53M;
71;Like Stars on Earth;2007;165 min;Drama, Family;8.4;Aamir Khan, Amole Gupte;181582;$1.22M;
72;WALL·E;2008;98 min;Animation, Adventure, Family;8.4;Andrew Stanton;1046744;$223.81M;
73;The Lives of Others;2006;137 min;Drama, Mystery, Thriller;8.4;Florian Henckel von Donnersmarck;373996;$11.29M;
74;Oldboy;2003;120 min;Action, Drama, Mystery;8.4;Park Chan-Wook;543815;$0.71M;
75;Memento;2000;113 min;Mystery, Thriller;8.4;Christopher Nolan;1173607;$25.54M;
76;Princess Mononoke;1997;134 min;Animation, Action, Adventure;8.4;Hayao Miyazaki;366859;$2.38M;
77;Raiders of the Lost Ark;1981;115 min;Action, Adventure;8.4;Steven Spielberg;920124;$248.16M;
78;The Shining;1980;146 min;Drama, Horror;8.4;Stanley Kubrick;948514;$44.02M;
79;Apocalypse Now;1979;147 min;Drama, Mystery, War;8.4;Francis Ford Coppola;632328;$83.47M;
80;Alien;1979;117 min;Horror, Sci-Fi;8.4;Ridley Scott;827253;$78.90M;
81;High and Low;1963;143 min;Crime, Drama, Mystery;8.4;Akira Kurosawa;40036;?;
82;Dr. Strangelove or: How I Learned to Stop Worrying and Love the Bomb;1964;95 min;Comedy;8.4;Stanley Kubrick;469208;$0.28M;
83;Witness for the Prosecution;1957;116 min;Crime, Drama, Mystery;8.4;Billy Wilder;117184;$8.18M;
84;Paths of Glory;1957;88 min;Drama, War;8.4;Stanley Kubrick;187916;?;
85;Sunset Blvd.;1950;110 min;Drama, Film-Noir;8.4;Billy Wilder;211999;?;
86;The Great Dictator;1940;125 min;Comedy, Drama, War;8.4;Charles Chaplin;214003;$0.29M;
87;Chhichhore;2019;143 min;Comedy, Drama, Romance;8.3;Nitesh Tiwari;44870;$0.90M;
88;1917;2019;119 min;Action, Drama, War;8.3;Sam Mendes;499050;$159.23M;
89;Uri: The Surgical Strike;2019;138 min;Action, Drama, War;8.3;Aditya Dhar;52515;$4.19M;
90;Tumbbad;2018;104 min;Drama, Fantasy, Horror;8.3;Rahi Anil Barve, Anand Gandhi, Adesh Prasad;37524;?;
91;K.G.F: Chapter 1;2018;156 min;Action, Crime, Drama;8.3;Prashanth Neel;48153;?;
92;Vikram Vedha;2017;147 min;Action, Crime, Drama;8.3;Gayatri, Pushkar;33812;?;
93;Drishyam;2013;160 min;Crime, Drama, Thriller;8.3;Jeethu Joseph;38296;?;
94;The Hunt;2012;115 min;Drama;8.3;Thomas Vinterberg;305473;$0.69M;
95;A Separation;2011;123 min;Drama;8.3;Asghar Farhadi;232893;$7.10M;
96;Incendies;2010;131 min;Drama, Mystery, War;8.3;Denis Villeneuve;163608;$6.86M;
97;Dune;2021;155 min;Action, Adventure, Drama;8.3;Denis Villeneuve;188353;?;
98;Demon Slayer: Mugen Train;2020;117 min;Animation, Action, Adventure;8.3;Haruo Sotozaki;38559;$47.70M;
99;The Father;2020;97 min;Drama;8.3;Florian Zeller;102654;?;
100;Inglourious Basterds;2009;153 min;Adventure, Drama, War;8.3;Quentin Tarantino;1340103;$120.54M;
101;Eternal Sunshine of the Spotless Mind;2004;108 min;Drama, Romance, Sci-Fi;8.3;Michel Gondry;951989;$34.40M;
102;Amélie;2001;122 min;Comedy, Romance;8.3;Jean-Pierre Jeunet;727207;$33.23M;
103;Snatch;2000;102 min;Comedy, Crime;8.3;Guy Ritchie;814684;$30.33M;
104;Requiem for a Dream;2000;102 min;Drama;8.3;Darren Aronofsky;798502;$3.64M;
105;American Beauty;1999;122 min;Drama;8.3;Sam Mendes;1107712;$130.10M;
106;Good Will Hunting;1997;126 min;Drama, Romance;8.3;Gus Van Sant;904936;$138.43M;
107;Children of Heaven;1997;89 min;Drama, Family, Sport;8.3;Majid Majidi;70714;$0.93M;
108;Toy Story;1995;81 min;Animation, Adventure, Comedy;8.3;John Lasseter;930761;$191.80M;
109;Braveheart;1995;178 min;Biography, Drama, History;8.3;Mel Gibson;991692;$75.60M;
110;Reservoir Dogs;1992;99 min;Crime, Drama, Thriller;8.3;Quentin Tarantino;961992;$2.83M;
111;Full Metal Jacket;1987;116 min;Drama, War;8.3;Stanley Kubrick;704116;$46.36M;
112;Come and See;1985;142 min;Drama, Thriller, War;8.3;Elem Klimov;68873;?;
113;Aliens;1986;137 min;Action, Adventure, Sci-Fi;8.3;James Cameron;681248;$85.16M;
114;Once Upon a Time in America;1984;229 min;Crime, Drama;8.3;Sergio Leone;331220;$5.32M;
115;Amadeus;1984;160 min;Biography, Drama, Music;8.3;Milos Forman;383627;$51.97M;
116;Scarface;1983;170 min;Crime, Drama;8.3;Brian De Palma;782150;$45.60M;
117;Star Wars: Episode VI - Return of the Jedi;1983;131 min;Action, Adventure, Fantasy;8.3;Richard Marquand;990045;$309.13M;
118;Das Boot;1981;149 min;Adventure, Drama, Thriller;8.3;Wolfgang Petersen;241425;$11.49M;
119;The Sting;1973;129 min;Comedy, Crime, Drama;8.3;George Roy Hill;251410;$159.60M;
120;A Clockwork Orange;1971;136 min;Crime, Drama, Sci-Fi;8.3;Stanley Kubrick;788722;$6.21M;
121;Z;1969;127 min;Crime, Drama, History;8.3;Costa-Gavras;25880;$0.08M;
122;2001: A Space Odyssey;1968;149 min;Adventure, Sci-Fi;8.3;Stanley Kubrick;632488;$56.95M;
123;To Kill a Mockingbird;1962;129 min;Crime, Drama;8.3;Robert Mulligan;305143;?;
124;Lawrence of Arabia;1962;228 min;Adventure, Biography, Drama;8.3;David Lean;280473;$44.82M;
125;The Apartment;1960;125 min;Comedy, Drama, Romance;8.3;Billy Wilder;172837;$18.60M;
126;North by Northwest;1959;136 min;Adventure, Mystery, Thriller;8.3;Alfred Hitchcock;313339;$13.28M;
127;Vertigo;1958;128 min;Mystery, Romance, Thriller;8.3;Alfred Hitchcock;383864;$3.20M;
128;Singin' in the Rain;1952;103 min;Comedy, Musical, Romance;8.3;Stanley Donen, Gene Kelly;229525;$8.82M;
129;Ikiru;1952;143 min;Drama;8.3;Akira Kurosawa;74085;$0.06M;
130;Bicycle Thieves;1948;89 min;Drama;8.3;Vittorio De Sica;156347;$0.33M;
131;Double Indemnity;1944;107 min;Crime, Drama, Film-Noir;8.3;Billy Wilder;150575;$5.72M;
132;Citizen Kane;1941;119 min;Drama, Mystery;8.3;Orson Welles;423957;$1.59M;
133;M;1931;99 min;Crime, Mystery, Thriller;8.3;Fritz Lang;151225;$0.03M;
134;Metropolis;1927;153 min;Drama, Sci-Fi;8.3;Fritz Lang;167411;$1.24M;
135;The Kid;1921;68 min;Comedy, Drama, Family;8.3;Charles Chaplin;120670;$5.45M;
136;Andhadhun;2018;139 min;Crime, Drama, Music;8.2;Sriram Raghavan;83643;$1.37M;
137;Green Book;2018;130 min;Biography, Comedy, Drama;8.2;Peter Farrelly;430841;$85.08M;
138;A Silent Voice: The Movie;2016;130 min;Animation, Drama;8.2;Naoko Yamada;64659;?;
139;Talvar;2015;132 min;Crime, Drama, Mystery;8.2;Meghna Gulzar;33481;$0.34M;
140;Baahubali 2: The Conclusion;2017;167 min;Action, Drama;8.2;S.S. Rajamouli;81501;$20.19M;
141;Klaus;2019;96 min;Animation, Adventure, Comedy;8.2;Sergio Pablos, Carlos Martínez López;121000;?;
142;Masaan;2015;109 min;Drama;8.2;Neeraj Ghaywan;26122;?;
143;Drishyam;2015;163 min;Crime, Drama, Mystery;8.2;Nishikant Kamat;77072;$0.74M;
144;Queen;2013;146 min;Adventure, Comedy, Drama;8.2;Vikas Bahl;63854;$1.43M;
145;Tangerines;2013;87 min;Drama, War;8.2;Zaza Urushadze;44322;$0.14M;
146;Bhaag Milkha Bhaag;2013;186 min;Biography, Drama, Sport;8.2;Rakeysh Omprakash Mehra;64979;$1.63M;
147;Gangs of Wasseypur;2012;321 min;Action, Comedy, Crime;8.2;Anurag Kashyap;90190;?;
148;Udaan;2010;134 min;Drama;8.2;Vikramaditya Motwane;44016;$0.01M;
149;Paan Singh Tomar;2012;135 min;Action, Biography, Crime;8.2;Tigmanshu Dhulia;35039;$0.04M;
150;Zindagi Na Milegi Dobara;2011;155 min;Comedy, Drama;8.2;Zoya Akhtar;73194;$3.11M;
151;The Secret in Their Eyes;2009;129 min;Drama, Mystery, Romance;8.2;Juan José Campanella;201792;$6.39M;
152;Shutter Island;2010;138 min;Mystery, Thriller;8.2;Martin Scorsese;1203131;$128.01M;
153;Up;2009;96 min;Animation, Adventure, Comedy;8.2;Pete Docter, Bob Peterson;979651;$293.00M;
154;Miracle in Cell No. 7;2019;132 min;Drama;8.2;Mehmet Ada Öztekin;42991;?;
155;Article 15;2019;130 min;Crime, Drama, Mystery;8.2;Anubhav Sinha;27951;?;
156;The Wolf of Wall Street;2013;180 min;Biography, Comedy, Crime;8.2;Martin Scorsese;1274185;$116.90M;
157;Chak De! India;2007;153 min;Drama, Family, Sport;8.2;Shimit Amin;77603;$1.11M;
158;My Father and My Son;2005;112 min;Drama, Family;8.2;Cagan Irmak;83406;?;
159;There Will Be Blood;2007;158 min;Drama;8.2;Paul Thomas Anderson;547642;$40.22M;
160;Pan's Labyrinth;2006;118 min;Drama, Fantasy, War;8.2;Guillermo del Toro;640818;$37.63M;
161;Toy Story 3;2010;103 min;Animation, Adventure, Comedy;8.2;Lee Unkrich;789045;$415.00M;
162;Black;2005;122 min;Drama;8.2;Sanjay Leela Bhansali;34252;$0.73M;
163;Batman Begins;2005;140 min;Action, Adventure;8.2;Christopher Nolan;1365841;$206.85M;
164;Swades;2004;189 min;Drama, Musical;8.2;Ashutosh Gowariker;87263;$1.22M;
165;Downfall;2004;156 min;Biography, Drama, History;8.2;Oliver Hirschbiegel;342734;$5.51M;
166;Howl's Moving Castle;2004;119 min;Animation, Adventure, Family;8.2;Hayao Miyazaki;360056;$4.71M;
167;A Beautiful Mind;2001;135 min;Biography, Drama;8.2;Ron Howard;884520;$170.74M;
168;Hera Pheri;2000;156 min;Action, Comedy, Crime;8.2;Priyadarshan;62513;?;
169;Lock, Stock and Two Smoking Barrels;1998;107 min;Action, Comedy, Crime;8.2;Guy Ritchie;556867;$3.90M;
170;L.A. Confidential;1997;138 min;Crime, Drama, Mystery;8.2;Curtis Hanson;553470;$64.62M;
171;The Bandit;1996;128 min;Crime, Drama, Thriller;8.2;Yavuz Turgul;67967;?;
172;Heat;1995;170 min;Crime, Drama, Thriller;8.2;Michael Mann;610679;$67.44M;
173;Casino;1995;178 min;Crime, Drama;8.2;Martin Scorsese;490218;$42.44M;
174;Unforgiven;1992;130 min;Drama, Western;8.2;Clint Eastwood;393445;$101.16M;
175;Indiana Jones and the Last Crusade;1989;127 min;Action, Adventure;8.2;Steven Spielberg;719698;$197.17M;
176;Time of the Gypsies;1988;142 min;Comedy, Crime, Drama;8.2;Emir Kusturica;29587;$0.28M;
177;My Neighbor Totoro;1988;86 min;Animation, Family, Fantasy;8.2;Hayao Miyazaki;312794;$1.11M;
178;Die Hard;1988;132 min;Action, Thriller;8.2;John McTiernan;823621;$83.01M;
179;Ran;1985;162 min;Action, Drama, War;8.2;Akira Kurosawa;119936;$4.14M;
180;Raging Bull;1980;129 min;Biography, Drama, Sport;8.2;Martin Scorsese;336938;$23.38M;
181;Autumn Sonata;1978;99 min;Drama, Music;8.2;Ingmar Bergman;31663;?;
182;Taxi Driver;1976;114 min;Crime, Drama;8.2;Martin Scorsese;765351;$28.26M;
183;The Message;1976;177 min;Biography, Drama, History;8.2;Moustapha Akkad;45858;?;
184;Sholay;1975;162 min;Action, Adventure, Comedy;8.2;Ramesh Sippy;53814;?;
185;Monty Python and the Holy Grail;1975;91 min;Adventure, Comedy, Fantasy;8.2;Terry Gilliam, Terry Jones;519306;$1.23M;
186;Chinatown;1974;130 min;Drama, Mystery, Thriller;8.2;Roman Polanski;310662;$8.49M;
187;Anand;1971;122 min;Drama, Musical;8.2;Hrishikesh Mukherjee;32894;?;
188;For a Few Dollars More;1965;132 min;Western;8.2;Sergio Leone;244491;$15.00M;
189;The Great Escape;1963;172 min;Adventure, Drama, History;8.2;John Sturges;234551;$12.10M;
190;Yojimbo;1961;110 min;Action, Drama, Thriller;8.2;Akira Kurosawa;117702;?;
191;Judgment at Nuremberg;1961;179 min;Drama, War;8.2;Stanley Kramer;74025;?;
192;Some Like It Hot;1959;121 min;Comedy, Music, Romance;8.2;Billy Wilder;255299;$25.00M;
193;Wild Strawberries;1957;91 min;Drama, Romance;8.2;Ingmar Bergman;102617;?;
194;The Seventh Seal;1957;96 min;Drama, Fantasy, History;8.2;Ingmar Bergman;176234;?;
195;Dial M for Murder;1954;105 min;Crime, Thriller;8.2;Alfred Hitchcock;167471;$0.01M;
196;Tokyo Story;1953;136 min;Drama;8.2;Yasujirô Ozu;57991;?;
197;Rashomon;1950;88 min;Crime, Drama, Mystery;8.2;Akira Kurosawa;160783;$0.10M;
198;All About Eve;1950;138 min;Drama;8.2;Joseph L. Mankiewicz;126397;$0.01M;
199;The Treasure of the Sierra Madre;1948;126 min;Adventure, Drama, Western;8.2;John Huston;120137;$5.01M;
200;To Be or Not to Be;1942;99 min;Comedy, Romance, War;8.2;Ernst Lubitsch;34041;?;
201;The Gold Rush;1925;95 min;Adventure, Comedy, Drama;8.2;Charles Chaplin;106870;$5.45M;
202;Sherlock Jr.;1924;45 min;Action, Comedy, Romance;8.2;Buster Keaton;46297;$0.98M;
203;Portrait of a Lady on Fire;2019;122 min;Drama, Romance;8.1;Céline Sciamma;78384;$3.76M;
204;Pink;2016;136 min;Crime, Drama, Thriller;8.1;Aniruddha Roy Chowdhury;42683;$1.24M;
205;Wolfwalkers;2020;103 min;Animation, Adventure, Family;8.1;Tomm Moore, Ross Stewart;26139;?;
206;Three Billboards Outside Ebbing, Missouri;2017;115 min;Comedy, Crime, Drama;8.1;Martin McDonagh;468963;$54.51M;
207;The Invisible Guest;2016;106 min;Crime, Drama, Mystery;8.1;Oriol Paulo;161824;?;
208;The Handmaiden;2016;145 min;Drama, Romance, Thriller;8.1;Park Chan-Wook;129373;$2.01M;
209;Mommy;2014;139 min;Drama;8.1;Xavier Dolan;54091;$3.49M;
210;Haider;2014;160 min;Action, Crime, Drama;8.1;Vishal Bhardwaj;52417;$0.90M;
211;Logan;2017;137 min;Action, Drama, Sci-Fi;8.1;James Mangold;692617;$226.28M;
212;Room;2015;118 min;Drama, Thriller;8.1;Lenny Abrahamson;394695;$14.68M;
213;Wild Tales;2014;122 min;Comedy, Drama, Thriller;8.1;Damián Szifron;187726;$3.11M;
214;Soul;2020;100 min;Animation, Adventure, Comedy;8.1;Pete Docter, Kemp Powers;282011;?;
215;Winter Sleep;2014;196 min;Drama;8.1;Nuri Bilge Ceylan;49656;$0.17M;
216;PK;2014;153 min;Comedy, Drama, Musical;8.1;Rajkumar Hirani;173100;$10.62M;
217;OMG: Oh My God!;2012;125 min;Comedy, Drama, Fantasy;8.1;Umesh Shukla;55429;$0.92M;
218;The Grand Budapest Hotel;2014;99 min;Adventure, Comedy, Crime;8.1;Wes Anderson;749436;$59.10M;
219;Gone Girl;2014;149 min;Drama, Mystery, Thriller;8.1;David Fincher;913960;$167.77M;
220;Wolf Children;2012;117 min;Animation, Drama, Fantasy;8.1;Mamoru Hosoda;41947;?;
221;Hacksaw Ridge;2016;139 min;Biography, Drama, History;8.1;Mel Gibson;471165;$67.21M;
222;Inside Out;2015;95 min;Animation, Adventure, Comedy;8.1;Pete Docter, Ronnie Del Carmen;657201;$356.46M;
223;Barfi!;2012;151 min;Comedy, Drama, Romance;8.1;Anurag Basu;79032;$2.80M;
224;12 Years a Slave;2013;134 min;Biography, Drama, History;8.1;Steve McQueen;667193;$56.67M;
225;Rush;2013;123 min;Action, Biography, Drama;8.1;Ron Howard;454491;$26.95M;
226;Ford v Ferrari;2019;152 min;Action, Biography, Drama;8.1;James Mangold;339156;$117.62M;
227;Spotlight;2015;129 min;Biography, Crime, Drama;8.1;Tom McCarthy;444434;$45.06M;
228;Song of the Sea;2014;93 min;Animation, Adventure, Drama;8.1;Tomm Moore;55530;$0.86M;
229;Kahaani;2012;122 min;Mystery, Thriller;8.1;Sujoy Ghosh;60567;$1.04M;
230;Prisoners;2013;153 min;Crime, Drama, Mystery;8.1;Denis Villeneuve;642880;$61.00M;
231;Mad Max: Fury Road;2015;120 min;Action, Adventure, Sci-Fi;8.1;George Miller;932469;$154.06M;
232;Warrior;2011;140 min;Action, Drama, Sport;8.1;Gavin O'Connor;451401;$13.66M;
233;A Wednesday;2008;104 min;Action, Crime, Drama;8.1;Neeraj Pandey;76563;?;
234;Zack Snyder's Justice League;2021;242 min;Action, Adventure, Fantasy;8.1;Zack Snyder;341897;?;
235;Gran Torino;2008;116 min;Drama;8.1;Clint Eastwood;744399;$148.10M;
236;Harry Potter and the Deathly Hallows: Part 2;2011;130 min;Adventure, Fantasy, Mystery;8.1;David Yates;806634;$381.01M;
237;Departures;2008;130 min;Drama, Music;8.1;Yôjirô Takita;50458;$1.50M;
238;Hachi: A Dog's Tale;2009;93 min;Biography, Drama, Family;8.1;Lasse Hallström;267812;?;
239;Mary and Max;2009;92 min;Animation, Comedy, Drama;8.1;Adam Elliot;171131;?;
240;How to Train Your Dragon;2010;98 min;Animation, Action, Adventure;8.1;Dean DeBlois, Chris Sanders;696402;$217.58M;
241;Into the Wild;2007;148 min;Adventure, Biography, Drama;8.1;Sean Penn;596514;$18.35M;
242;No Country for Old Men;2007;122 min;Crime, Drama, Thriller;8.1;Ethan Coen, Joel Coen;905447;$74.28M;
243;Carry On, Munna Bhai;2006;144 min;Comedy, Drama, Romance;8.1;Rajkumar Hirani;45405;$2.22M;
244;V for Vendetta;2005;132 min;Action, Drama, Sci-Fi;8.1;James McTeigue;1069728;$70.51M;
245;Nobody Knows;2004;141 min;Drama;8.1;Hirokazu Koreeda;26481;$0.68M;
246;Rang De Basanti;2006;167 min;Comedy, Crime, Drama;8.1;Rakeysh Omprakash Mehra;116710;$2.20M;
247;Million Dollar Baby;2004;132 min;Drama, Sport;8.1;Clint Eastwood;659944;$100.49M;
248;Hotel Rwanda;2004;121 min;Biography, Drama, History;8.1;Terry George;344446;$23.53M;
249;Before Sunset;2004;80 min;Drama, Romance;8.1;Richard Linklater;249027;$5.82M;
250;Munna Bhai M.B.B.S.;2003;156 min;Comedy, Drama;8.1;Rajkumar Hirani;78172;?;
251;Memories of Murder;2003;132 min;Crime, Drama, Mystery;8.1;Bong Joon Ho;160722;$0.01M;
252;Dil Chahta Hai;2001;183 min;Comedy, Drama, Romance;8.1;Farhan Akhtar;69870;$0.30M;
253;Kill Bill: Vol. 1;2003;111 min;Action, Crime, Drama;8.1;Quentin Tarantino;1050736;$70.10M;
254;Finding Nemo;2003;100 min;Animation, Adventure, Comedy;8.1;Andrew Stanton, Lee Unkrich;987384;$380.84M;
255;Catch Me If You Can;2002;141 min;Biography, Crime, Drama;8.1;Steven Spielberg;892498;$164.62M;
256;Love's a Bitch;2000;154 min;Drama, Thriller;8.1;Alejandro G. Iñárritu;232696;$5.38M;
257;Monsters, Inc.;2001;92 min;Animation, Adventure, Comedy;8.1;Pete Docter, David Silverman, Lee Unkrich;854178;$289.92M;
258;Neon Genesis Evangelion: The End of Evangelion;1997;87 min;Animation, Action, Drama;8.1;Hideaki Anno, Kazuya Tsurumaki;47195;?;
259;Lagaan: Once Upon a Time in India;2001;224 min;Drama, Musical, Sport;8.1;Ashutosh Gowariker;109640;$0.07M;
260;The Sixth Sense;1999;107 min;Drama, Mystery, Thriller;8.1;M. Night Shyamalan;945395;$293.51M;
261;The Celebration;1998;105 min;Drama;8.1;Thomas Vinterberg;83723;$1.65M;
262;The Legend of 1900;1998;169 min;Drama, Music, Romance;8.1;Giuseppe Tornatore;61715;$0.26M;
263;The Truman Show;1998;103 min;Comedy, Drama;8.1;Peter Weir;994475;$125.62M;
264;Black Cat, White Cat;1998;127 min;Comedy, Crime, Romance;8.1;Emir Kusturica;52514;$0.35M;
265;The Big Lebowski;1998;117 min;Comedy, Crime, Sport;8.1;Joel Coen, Ethan Coen;769024;$17.50M;
266;In the Mood for Love;2000;98 min;Drama, Romance;8.1;Kar-Wai Wong;137727;$2.73M;
267;Trainspotting;1996;93 min;Drama;8.1;Danny Boyle;658230;$16.50M;
268;Fargo;1996;98 min;Crime, Drama, Thriller;8.1;Joel Coen, Ethan Coen;645589;$24.61M;
269;Underground;1995;167 min;Comedy, Drama, Fantasy;8.1;Emir Kusturica;57067;$0.17M;
270;La Haine;1995;98 min;Crime, Drama;8.1;Mathieu Kassovitz;161168;$0.31M;
271;Dilwale Dulhania Le Jayenge;1995;181 min;Drama, Romance;8.1;Aditya Chopra;66637;?;
272;Before Sunrise;1995;101 min;Drama, Romance;8.1;Richard Linklater;288263;$5.54M;
273;Three Colors: Red;1994;99 min;Drama, Mystery, Romance;8.1;Krzysztof Kieslowski;98511;$4.04M;
274;Chungking Express;1994;102 min;Comedy, Crime, Drama;8.1;Kar-Wai Wong;72354;$0.60M;
275;Andaz Apna Apna;1994;160 min;Action, Comedy, Romance;8.1;Rajkumar Santoshi;51803;?;
276;Jurassic Park;1993;127 min;Action, Adventure, Sci-Fi;8.1;Steven Spielberg;913239;$402.45M;
277;In the Name of the Father;1993;133 min;Biography, Crime, Drama;8.1;Jim Sheridan;166609;$25.01M;
278;Farewell My Concubine;1993;171 min;Drama, Music, Romance;8.1;Kaige Chen;26851;$5.22M;
279;Raise the Red Lantern;1991;125 min;Drama, History, Romance;8.1;Yimou Zhang;31302;$2.60M;
280;Dead Poets Society;1989;128 min;Comedy, Drama;8.1;Peter Weir;451536;$95.86M;
281;The Princess Bride;1987;98 min;Adventure, Family, Fantasy;8.1;Rob Reiner;409923;$30.86M;
282;Stand by Me;1986;89 min;Adventure, Drama;8.1;Rob Reiner;381421;$52.29M;
283;Platoon;1986;120 min;Drama, War;8.1;Oliver Stone;396552;$138.53M;
284;Paris, Texas;1984;145 min;Drama;8.1;Wim Wenders;99735;$2.18M;
285;Nausicaä of the Valley of the Wind;1984;117 min;Animation, Adventure, Fantasy;8.1;Hayao Miyazaki;160761;$0.50M;
286;Nostalghia;1983;125 min;Drama;8.1;Andrei Tarkovsky;25528;$0.01M;
287;The Thing;1982;109 min;Horror, Mystery, Sci-Fi;8.1;John Carpenter;394204;$13.78M;
288;Fitzcarraldo;1982;158 min;Adventure, Drama;8.1;Werner Herzog;33508;?;
289;Fanny and Alexander;1982;188 min;Drama;8.1;Ingmar Bergman;61106;$4.97M;
290;Blade Runner;1982;117 min;Action, Sci-Fi, Thriller;8.1;Ridley Scott;725404;$32.87M;
291;The Elephant Man;1980;124 min;Biography, Drama;8.1;David Lynch;231365;?;
292;Stalker;1979;162 min;Drama, Sci-Fi;8.1;Andrei Tarkovsky;126860;$0.23M;
293;Monty Python's Life of Brian;1979;94 min;Comedy;8.1;Terry Jones;382830;$20.05M;
294;The Deer Hunter;1978;183 min;Drama, War;8.1;Michael Cimino;325681;$48.98M;
295;Rocky;1976;120 min;Drama, Sport;8.1;John G. Avildsen;542074;$117.24M;
296;Network;1976;121 min;Drama;8.1;Sidney Lumet;152872;?;
297;Barry Lyndon;1975;185 min;Adventure, Drama, History;8.1;Stanley Kubrick;159130;?;
298;Mirror;1975;107 min;Biography, Drama;8.1;Andrei Tarkovsky;43648;$0.18M;
299;Paper Moon;1973;102 min;Comedy, Crime, Drama;8.1;Peter Bogdanovich;44783;$30.93M;
300;Cries & Whispers;1972;91 min;Drama;8.1;Ingmar Bergman;32524;$1.74M;
301;Solaris;1972;167 min;Drama, Mystery, Sci-Fi;8.1;Andrei Tarkovsky;87123;?;
302;Le Samouraï;1967;101 min;Crime, Drama;8.1;Jean-Pierre Melville;48663;$0.04M;
303;Cool Hand Luke;1967;127 min;Crime, Drama;8.1;Stuart Rosenberg;170665;$16.22M;
304;Persona;1966;83 min;Drama, Thriller;8.1;Ingmar Bergman;111352;?;
305;Andrei Rublev;1966;205 min;Biography, Drama, History;8.1;Andrei Tarkovsky;51103;$0.10M;
306;The Battle of Algiers;1966;121 min;Drama, War;8.1;Gillo Pontecorvo;57113;$0.06M;
307;The Exterminating Angel;1962;95 min;Drama, Fantasy;8.1;Luis Buñuel;31940;?;
308;What Ever Happened to Baby Jane?;1962;134 min;Drama, Horror, Thriller;8.1;Robert Aldrich;53143;$4.05M;
309;Sanjuro;1962;96 min;Action, Comedy, Crime;8.1;Akira Kurosawa;36780;?;
310;The Man Who Shot Liberty Valance;1962;123 min;Drama, Western;8.1;John Ford;72834;?;
311;Ivan's Childhood;1962;95 min;Drama, War;8.1;Andrei Tarkovsky, Eduard Abalov;34506;?;
312;The Virgin Spring;1960;89 min;Drama;8.1;Ingmar Bergman;28132;$1.53M;
313;Inherit the Wind;1960;128 min;Biography, Drama, History;8.1;Stanley Kramer;29125;?;
314;The 400 Blows;1959;92 min;Crime, Drama;8.1;François Truffaut;111934;?;
315;Ben-Hur;1959;212 min;Adventure, Drama, History;8.1;William Wyler;229272;$74.70M;
316;The Hidden Fortress;1958;126 min;Action, Adventure, Drama;8.1;Akira Kurosawa;37431;?;
317;Nights of Cabiria;1957;110 min;Drama;8.1;Federico Fellini;46355;$0.75M;
318;Throne of Blood;1957;110 min;Drama, History;8.1;Akira Kurosawa;49922;?;
319;The Bridge on the River Kwai;1957;161 min;Adventure, Drama, War;8.1;David Lean;211908;$44.91M;
320;Rififi;1955;118 min;Crime, Drama, Thriller;8.1;Jules Dassin;32764;$0.06M;
321;On the Waterfront;1954;108 min;Crime, Drama, Thriller;8.1;Elia Kazan;149040;$9.60M;
322;Diabolique;1955;117 min;Crime, Drama, Horror;8.1;Henri-Georges Clouzot;64116;?;
323;The Wages of Fear;1953;131 min;Adventure, Drama, Thriller;8.1;Henri-Georges Clouzot;58443;?;
324;Ace in the Hole;1951;111 min;Drama, Film-Noir;8.1;Billy Wilder;34064;$3.97M;
325;White Heat;1949;114 min;Action, Crime, Drama;8.1;Raoul Walsh;31593;?;
326;The Third Man;1949;93 min;Film-Noir, Mystery, Thriller;8.1;Carol Reed;165693;$0.45M;
327;The Red Shoes;1948;135 min;Drama, Music, Romance;8.1;Michael Powell, Emeric Pressburger;33168;$10.90M;
328;The Best Years of Our Lives;1946;170 min;Drama, Romance, War;8.1;William Wyler;61140;$23.65M;
329;The Shop Around the Corner;1940;99 min;Comedy, Drama, Romance;8.1;Ernst Lubitsch;30314;$0.20M;
330;Rebecca;1940;130 min;Drama, Mystery, Romance;8.1;Alfred Hitchcock;131550;$4.36M;
331;The Grapes of Wrath;1940;129 min;Drama, History;8.1;John Ford;89672;$0.06M;
332;Mr. Smith Goes to Washington;1939;129 min;Comedy, Drama;8.1;Frank Capra;111770;$9.60M;
333;Gone with the Wind;1939;238 min;Drama, History, Romance;8.1;Victor Fleming, George Cukor, Sam Wood;302369;$198.68M;
334;La Grande Illusion;1937;113 min;Drama, War;8.1;Jean Renoir;35430;$0.17M;
335;It Happened One Night;1934;105 min;Comedy, Romance;8.1;Frank Capra;99243;$4.36M;
336;All Quiet on the Western Front;1930;152 min;Drama, War;8.1;Lewis Milestone;59518;$3.27M;
337;The Passion of Joan of Arc;1928;114 min;Biography, Drama, History;8.1;Carl Theodor Dreyer;51709;$0.02M;
338;The Circus;1928;72 min;Comedy, Romance;8.1;Charles Chaplin;32360;?;
339;Sunrise;1927;94 min;Drama, Romance;8.1;F.W. Murnau;49736;$0.54M;
340;The General;1926;67 min;Action, Adventure, Comedy;8.1;Clyde Bruckman, Buster Keaton;87188;$1.03M;
341;The Cabinet of Dr. Caligari;1920;67 min;Fantasy, Horror, Mystery;8.1;Robert Wiene;60705;?;
342;Badhaai Ho;2018;124 min;Comedy, Drama;8.0;Amit Ravindernath Sharma;31412;?;
343;Super 30;2019;154 min;Biography, Drama;8.0;Vikas Bahl;27072;$2.27M;
344;Togo;2019;113 min;Adventure, Biography, Drama;8.0;Ericson Core;43529;?;
345;Airlift;2016;130 min;Drama, History;8.0;Raja Menon;55255;?;
346;Bajrangi Bhaijaan;2015;163 min;Action, Adventure, Comedy;8.0;Kabir Khan;81182;$8.18M;
347;Baby;2015;159 min;Action, Thriller;8.0;Neeraj Pandey;55627;?;
348;La La Land;2016;128 min;Comedy, Drama, Music;8.0;Damien Chazelle;540643;$151.10M;
349;Lion;2016;118 min;Biography, Drama;8.0;Garth Davis;225453;$51.74M;
350;The Martian;2015;144 min;Adventure, Drama, Sci-Fi;8.0;Ridley Scott;799009;$228.43M;
351;Zootopia;2016;108 min;Animation, Adventure, Comedy;8.0;Byron Howard, Rich Moore, Jared Bush;460863;$341.27M;
352;Baahubali: The Beginning;2015;159 min;Action, Drama;8.0;S.S. Rajamouli;108865;$6.74M;
353;The Tale of The Princess Kaguya;2013;137 min;Animation, Adventure, Drama;8.0;Isao Takahata;42788;$1.51M;
354;Wonder;2017;113 min;Drama, Family;8.0;Stephen Chbosky;153747;$132.42M;
355;Special 26;2013;144 min;Crime, Drama, Thriller;8.0;Neeraj Pandey;53967;$1.08M;
356;Short Term 12;2013;96 min;Drama;8.0;Destin Daniel Cretton;85283;$1.01M;
357;The Raid 2;2014;150 min;Action, Crime, Thriller;8.0;Gareth Evans;118951;$2.63M;
358;The Imitation Game;2014;114 min;Biography, Drama, Thriller;8.0;Morten Tyldum;720853;$91.13M;
359;Guardians of the Galaxy;2014;121 min;Action, Adventure, Comedy;8.0;James Gunn;1098819;$333.18M;
360;Blade Runner 2049;2017;164 min;Action, Drama, Mystery;8.0;Denis Villeneuve;505463;$92.05M;
361;Her;2013;126 min;Drama, Romance, Sci-Fi;8.0;Spike Jonze;570398;$25.57M;
362;The Revenant;2015;156 min;Action, Adventure, Drama;8.0;Alejandro G. Iñárritu;746649;$183.64M;
363;Elite Squad 2: The Enemy Within;2010;115 min;Action, Crime, Drama;8.0;José Padilha;81252;$0.10M;
364;The King's Speech;2010;118 min;Biography, Drama, History;8.0;Tom Hooper;658038;$138.80M;
365;The Help;2011;146 min;Drama;8.0;Tate Taylor;440626;$169.71M;
366;Deadpool;2016;108 min;Action, Adventure, Comedy;8.0;Tim Miller;953955;$363.07M;
367;Darbareye Elly;2009;119 min;Drama, Mystery;8.0;Asghar Farhadi;50262;$0.11M;
368;Dev.D;2009;144 min;Comedy, Drama, Romance;8.0;Anurag Kashyap;29879;$0.01M;
369;Ip Man;2008;106 min;Action, Biography, Drama;8.0;Wilson Yip;217669;?;
370;My Name Is Khan;2010;165 min;Drama;8.0;Karan Johar;102945;$4.02M;
371;The Breath;2009;128 min;Action, Drama, Thriller;8.0;Levent Semerci, Erdem Can;32886;?;
372;Slumdog Millionaire;2008;120 min;Drama, Romance;8.0;Danny Boyle, Loveleen Tandan;819740;$141.32M;
373;Black Swan;2010;108 min;Drama, Thriller;8.0;Darren Aronofsky;726627;$106.95M;
374;Elite Squad;2007;115 min;Action, Crime, Drama;8.0;José Padilha;100954;$0.01M;
375;The Avengers;2012;143 min;Action, Adventure, Sci-Fi;8.0;Joss Whedon;1312639;$623.28M;
376;Persepolis;2007;96 min;Animation, Biography, Drama;8.0;Vincent Paronnaud, Marjane Satrapi;92003;$4.45M;
377;Dallas Buyers Club;2013;117 min;Biography, Drama;8.0;Jean-Marc Vallée;463106;$27.30M;
378;The Pursuit of Happyness;2006;117 min;Biography, Drama;8.0;Gabriele Muccino;475573;$163.57M;
379;Blood Diamond;2006;143 min;Adventure, Drama, Thriller;8.0;Edward Zwick;521254;$57.37M;
380;The Bourne Ultimatum;2007;115 min;Action, Adventure, Mystery;8.0;Paul Greengrass;617648;$227.47M;
381;3-Iron;2004;88 min;Crime, Drama, Romance;8.0;Kim Ki-duk;53200;$0.24M;
382;Sin City;2005;124 min;Crime, Thriller;8.0;Frank Miller, Quentin Tarantino, Robert Rodriguez;751085;$74.10M;
383;The Diving Bell and the Butterfly;2007;112 min;Biography, Drama;8.0;Julian Schnabel;105835;$5.99M;
384;Tae Guk Gi: The Brotherhood of War;2004;140 min;Action, Drama, War;8.0;Je-kyu Kang;38927;$1.11M;
385;G.O.R.A.;2004;127 min;Adventure, Comedy, Sci-Fi;8.0;Ömer Faruk Sorak;59929;?;
386;Ratatouille;2007;111 min;Animation, Adventure, Comedy;8.0;Brad Bird, Jan Pinkava;672446;$206.45M;
387;Casino Royale;2006;144 min;Action, Adventure, Thriller;8.0;Martin Campbell;617784;$167.45M;
388;Kill Bill: Vol. 2;2004;137 min;Action, Crime, Thriller;8.0;Quentin Tarantino;716607;$66.21M;
389;The Return;2003;110 min;Drama;8.0;Andrey Zvyagintsev;44348;$0.50M;
390;Spring, Summer, Fall, Winter... and Spring;2003;103 min;Drama, Romance;8.0;Kim Ki-duk;80559;$2.38M;
391;The Sea Inside;2004;126 min;Biography, Drama;8.0;Alejandro Amenábar;79943;$2.09M;
392;Cinderella Man;2005;144 min;Biography, Drama, History;8.0;Ron Howard;181894;$61.65M;
393;Infernal Affairs;2002;101 min;Action, Crime, Drama;8.0;Andrew Lau, Alan Mak;121607;$0.17M;
394;Pirates of the Caribbean: The Curse of the Black Pearl;2003;143 min;Action, Adventure, Fantasy;8.0;Gore Verbinski;1048230;$305.41M;
395;Big Fish;2003;125 min;Adventure, Drama, Fantasy;8.0;Tim Burton;428329;$66.26M;
396;The Incredibles;2004;115 min;Animation, Action, Adventure;8.0;Brad Bird;683476;$261.44M;
397;My Sassy Girl;2001;137 min;Comedy, Drama, Romance;8.0;Jae-young Kwak;46919;?;
398;Dogville;2003;178 min;Crime, Drama;8.0;Lars von Trier;143908;$1.53M;
399;Vizontele;2001;110 min;Comedy, Drama;8.0;Yilmaz Erdogan, Ömer Faruk Sorak;35339;?;
400;Donnie Darko;2001;113 min;Drama, Mystery, Sci-Fi;8.0;Richard Kelly;766230;$1.48M;
401;Magnolia;1999;188 min;Drama;8.0;Paul Thomas Anderson;300664;$22.46M;
402;Dancer in the Dark;2000;140 min;Crime, Drama, Musical;8.0;Lars von Trier;106246;$4.18M;
403;The Straight Story;1999;112 min;Biography, Drama;8.0;David Lynch;87328;$6.20M;
404;Perfect Blue;1997;81 min;Animation, Crime, Mystery;8.0;Satoshi Kon;66470;$0.78M;
405;Central Station;1998;110 min;Drama;8.0;Walter Salles;38262;$5.60M;
406;The Iron Giant;1999;86 min;Animation, Action, Adventure;8.0;Brad Bird;181519;$23.16M;
407;Sling Blade;1996;135 min;Drama;8.0;Billy Bob Thornton;91513;$24.48M;
408;Secrets & Lies;1996;136 min;Comedy, Drama;8.0;Mike Leigh;41448;$13.42M;
409;12 Monkeys;1995;129 min;Mystery, Sci-Fi, Thriller;8.0;Terry Gilliam;597449;$57.14M;
410;Ghost in the Shell;1995;83 min;Animation, Action, Crime;8.0;Mamoru Oshii;136301;$0.52M;
411;The Nightmare Before Christmas;1993;76 min;Animation, Family, Fantasy;8.0;Henry Selick;312826;$75.08M;
412;Groundhog Day;1993;101 min;Comedy, Fantasy, Romance;8.0;Harold Ramis;597186;$70.91M;
413;Blood In, Blood Out;1993;180 min;Crime, Drama;8.0;Taylor Hackford;30093;$4.50M;
414;Scent of a Woman;1992;156 min;Drama;8.0;Martin Brest;279811;$63.90M;
415;Aladdin;1992;90 min;Animation, Adventure, Comedy;8.0;Ron Clements, John Musker;388231;$217.35M;
416;JFK;1991;189 min;Drama, History, Thriller;8.0;Oliver Stone;148973;$70.41M;
417;Beauty and the Beast;1991;84 min;Animation, Family, Fantasy;8.0;Gary Trousdale, Kirk Wise;429379;$218.97M;
418;Dances with Wolves;1990;181 min;Adventure, Drama, Western;8.0;Kevin Costner;251282;$184.21M;
419;Do the Right Thing;1989;120 min;Comedy, Drama;8.0;Spike Lee;96871;$27.55M;
420;Rain Man;1988;133 min;Drama;8.0;Barry Levinson;491523;$178.80M;
421;Akira;1988;124 min;Animation, Action, Drama;8.0;Katsuhiro Ôtomo;174977;$0.55M;
422;Wings of Desire;1987;128 min;Drama, Fantasy, Romance;8.0;Wim Wenders;68246;$3.33M;
423;Au Revoir les Enfants;1987;104 min;Drama, War;8.0;Louis Malle;32711;$4.54M;
424;Castle in the Sky;1986;125 min;Animation, Adventure, Drama;8.0;Hayao Miyazaki;158091;?;
425;The Sacrifice;1986;149 min;Drama;8.0;Andrei Tarkovsky;26741;$0.30M;
426;The Terminator;1984;107 min;Action, Sci-Fi;8.0;James Cameron;822766;$38.40M;
427;Pink Floyd: The Wall;1982;95 min;Drama, Fantasy, Music;8.0;Alan Parker;78751;$22.24M;
428;Gandhi;1982;191 min;Biography, Drama, History;8.0;Richard Attenborough;224009;$52.77M;
429;Kagemusha;1980;162 min;Drama, History, War;8.0;Akira Kurosawa;34328;?;
430;Being There;1979;130 min;Comedy, Drama;8.0;Hal Ashby;70068;$30.18M;
431;Annie Hall;1977;93 min;Comedy, Romance;8.0;Woody Allen;258645;$39.20M;
432;All the President's Men;1976;138 min;Biography, Drama, History;8.0;Alan J. Pakula;109926;$70.60M;
433;Jaws;1975;124 min;Adventure, Thriller;8.0;Steven Spielberg;567226;$260.00M;
434;Dog Day Afternoon;1975;125 min;Biography, Crime, Drama;8.0;Sidney Lumet;246677;$50.00M;
435;Young Frankenstein;1974;106 min;Comedy;8.0;Mel Brooks;151182;$86.30M;
436;Papillon;1973;151 min;Biography, Crime, Drama;8.0;Franklin J. Schaffner;126697;$53.27M;
437;The Exorcist;1973;122 min;Horror;8.0;William Friedkin;378311;$232.91M;
438;Sleuth;1972;138 min;Mystery, Thriller;8.0;Joseph L. Mankiewicz;46544;$4.08M;
439;The Last Picture Show;1971;118 min;Drama, Romance;8.0;Peter Bogdanovich;45249;$29.13M;
440;Fiddler on the Roof;1971;181 min;Drama, Family, Musical;8.0;Norman Jewison;41523;$80.50M;
441;The Conformist;1970;113 min;Drama;8.0;Bernardo Bertolucci;29060;$0.54M;
442;Butch Cassidy and the Sundance Kid;1969;110 min;Biography, Crime, Drama;8.0;George Roy Hill;209561;$102.31M;
443;Rosemary's Baby;1968;137 min;Drama, Horror;8.0;Roman Polanski;204692;?;
444;Planet of the Apes;1968;112 min;Adventure, Sci-Fi;8.0;Franklin J. Schaffner;172814;$33.40M;
445;The Graduate;1967;106 min;Comedy, Drama, Romance;8.0;Mike Nichols;263945;$104.95M;
446;Who's Afraid of Virginia Woolf?;1966;131 min;Drama;8.0;Mike Nichols;72948;?;
447;The Sound of Music;1965;172 min;Biography, Drama, Family;8.0;Robert Wise;216738;$163.21M;
448;Doctor Zhivago;1965;197 min;Drama, Romance, War;8.0;David Lean;73016;$111.72M;
449;A Fistful of Dollars;1964;99 min;Action, Drama, Western;8.0;Sergio Leone;207613;$14.50M;
450;8½;1963;138 min;Drama;8.0;Federico Fellini;113900;$0.05M;
451;Vivre Sa Vie;1962;85 min;Drama;8.0;Jean-Luc Godard;30145;?;
452;The Hustler;1961;134 min;Drama, Sport;8.0;Robert Rossen;79523;$8.28M;
453;The Sweet Life;1960;174 min;Comedy, Drama;8.0;Federico Fellini;70178;$19.52M;
454;Rio Bravo;1959;141 min;Action, Drama, Western;8.0;Howard Hawks;59392;$12.54M;
455;Anatomy of a Murder;1959;161 min;Drama, Mystery;8.0;Otto Preminger;63635;$11.90M;
456;Touch of Evil;1958;95 min;Crime, Drama, Film-Noir;8.0;Orson Welles;101791;$2.24M;
457;Cat on a Hot Tin Roof;1958;108 min;Drama;8.0;Richard Brooks;47544;$17.57M;
458;Sweet Smell of Success;1957;96 min;Drama, Film-Noir;8.0;Alexander Mackendrick;30237;?;
459;The Killing;1956;84 min;Crime, Drama, Film-Noir;8.0;Stanley Kubrick;86098;?;
460;The Night of the Hunter;1955;92 min;Crime, Drama, Film-Noir;8.0;Charles Laughton;85846;$0.65M;
461;La Strada;1954;108 min;Drama;8.0;Federico Fellini;61041;?;
462;Stalag 17;1953;120 min;Comedy, Drama, War;8.0;Billy Wilder;54178;?;
463;Roman Holiday;1953;118 min;Comedy, Romance;8.0;William Wyler;133748;?;
464;High Noon;1952;85 min;Drama, Thriller, Western;8.0;Fred Zinnemann;101079;$9.45M;
465;A Streetcar Named Desire;1951;122 min;Drama;8.0;Elia Kazan;104394;$8.00M;
466;Strangers on a Train;1951;101 min;Crime, Drama, Film-Noir;8.0;Alfred Hitchcock;129762;$7.63M;
467;In a Lonely Place;1950;94 min;Drama, Film-Noir, Mystery;8.0;Nicholas Ray;29315;?;
468;Kind Hearts and Coronets;1949;106 min;Comedy, Crime;8.0;Robert Hamer;36217;?;
469;Rope;1948;80 min;Crime, Drama, Mystery;8.0;Alfred Hitchcock;136709;?;
470;Out of the Past;1947;97 min;Crime, Drama, Film-Noir;8.0;Jacques Tourneur;35145;?;
471;Notorious;1946;102 min;Drama, Film-Noir, Romance;8.0;Alfred Hitchcock;97620;$10.46M;
472;Brief Encounter;1945;86 min;Drama, Romance;8.0;David Lean;38286;?;
473;Laura;1944;88 min;Drama, Film-Noir, Mystery;8.0;Otto Preminger;44994;$4.36M;
474;Arsenic and Old Lace;1943;118 min;Comedy, Crime, Thriller;8.0;Frank Capra;68713;?;
475;The Maltese Falcon;1941;100 min;Crime, Film-Noir, Mystery;8.0;John Huston;153829;$2.11M;
476;The Wizard of Oz;1939;102 min;Adventure, Family, Fantasy;8.0;Victor Fleming, George Cukor, Mervyn LeRoy, Norman Taurog, Richard Thorpe, King Vidor;380444;$2.08M;
477;The Rules of the Game;1939;110 min;Comedy, Drama;8.0;Jean Renoir;28020;?;
478;The Thin Man;1934;91 min;Comedy, Crime, Mystery;8.0;W.S. Van Dyke;28187;?;
479;Battleship Potemkin;1925;66 min;Drama, History, Thriller;8.0;Sergei M. Eisenstein;55759;$0.05M;
480;Shang-Chi and the Legend of the Ten Rings;2021;132 min;Action, Adventure, Fantasy;7.9;Destin Daniel Cretton;114031;?;
481;Knives Out;2019;130 min;Comedy, Crime, Drama;7.9;Rian Johnson;540206;$165.36M;
482;Shoplifters;2018;121 min;Crime, Drama;7.9;Hirokazu Koreeda;70277;$3.31M;
483;Marriage Story;2019;137 min;Comedy, Drama, Romance;7.9;Noah Baumbach;275364;$2.00M;
484;Hindi Medium;2017;132 min;Comedy, Drama;7.9;Saket Chaudhary;26216;?;
485;Call Me by Your Name;2017;132 min;Drama, Romance;7.9;Luca Guadagnino;238866;$18.10M;
486;I, Daniel Blake;2016;100 min;Drama;7.9;Ken Loach;57230;$0.26M;
487;Isle of Dogs;2018;101 min;Animation, Adventure, Comedy;7.9;Wes Anderson;152616;$32.02M;
488;Hunt for the Wilderpeople;2016;101 min;Adventure, Comedy, Drama;7.9;Taika Waititi;121271;$5.20M;
489;M.S. Dhoni: The Untold Story;2016;184 min;Biography, Drama, Sport;7.9;Neeraj Pandey;48268;$1.78M;
490;Captain Fantastic;2016;118 min;Comedy, Drama;7.9;Matt Ross;206286;$5.88M;
491;Sing Street;2016;106 min;Comedy, Drama, Music;7.9;John Carney;89655;$3.24M;
492;Thor: Ragnarok;2017;130 min;Action, Adventure, Comedy;7.9;Taika Waititi;651945;$315.06M;
493;Jojo Rabbit;2019;108 min;Comedy, Drama, War;7.9;Taika Waititi;342225;$0.35M;
494;Arrival;2016;116 min;Drama, Sci-Fi;7.9;Denis Villeneuve;639555;$100.55M;
495;Gully Boy;2019;154 min;Drama, Music, Romance;7.9;Zoya Akhtar;35995;$5.57M;
496;Before Midnight;2013;109 min;Drama, Romance;7.9;Richard Linklater;149345;$8.11M;
497;X-Men: Days of Future Past;2014;132 min;Action, Adventure, Sci-Fi;7.9;Bryan Singer;681558;$233.92M;
498;Once Upon a Time in Anatolia;2011;157 min;Crime, Drama;7.9;Nuri Bilge Ceylan;44655;$0.14M;
499;Bohemian Rhapsody;2018;134 min;Biography, Drama, Music;7.9;Bryan Singer;491150;$216.43M;
500;The Perks of Being a Wallflower;2012;103 min;Drama, Romance;7.9;Stephen Chbosky;483377;$17.74M;
501;The Artist;2011;100 min;Comedy, Drama, Romance;7.9;Michel Hazanavicius;236404;$44.67M;
502;Edge of Tomorrow;2014;113 min;Action, Adventure, Sci-Fi;7.9;Doug Liman;634377;$100.21M;
503;Amour;2012;127 min;Drama;7.9;Michael Haneke;96856;$6.74M;
504;A Prophet;2009;155 min;Crime, Drama;7.9;Jacques Audiard;96515;$2.08M;
505;Let the Right One In;2008;114 min;Crime, Drama, Fantasy;7.9;Tomas Alfredson;210843;$2.12M;
506;District 9;2009;112 min;Action, Sci-Fi, Thriller;7.9;Neill Blomkamp;656986;$115.65M;
507;The Wrestler;2008;109 min;Drama, Sport;7.9;Darren Aronofsky;297471;$26.24M;
508;Jab We Met;2007;138 min;Comedy, Drama, Romance;7.9;Imtiaz Ali;50381;$0.41M;
509;Boyhood;2014;165 min;Drama;7.9;Richard Linklater;345237;$25.38M;
510;4 Months, 3 Weeks and 2 Days;2007;113 min;Drama;7.9;Cristian Mungiu;58648;$1.19M;
511;Star Trek;2009;127 min;Action, Adventure, Sci-Fi;7.9;J.J. Abrams;591052;$257.73M;
512;In Bruges;2008;107 min;Comedy, Crime, Drama;7.9;Martin McDonagh;404370;$7.76M;
513;The Man from Earth;2007;87 min;Drama, Fantasy, Mystery;7.9;Richard Schenkman;181352;?;
514;Letters from Iwo Jima;2006;141 min;Action, Adventure, Drama;7.9;Clint Eastwood;158529;$13.76M;
515;The Fall;2006;117 min;Adventure, Drama, Fantasy;7.9;Tarsem Singh;109871;$2.28M;
516;Life of Pi;2012;127 min;Adventure, Drama, Fantasy;7.9;Ang Lee;601962;$124.99M;
517;Fantastic Mr. Fox;2009;87 min;Animation, Adventure, Comedy;7.9;Wes Anderson;213811;$21.00M;
518;C.R.A.Z.Y.;2005;129 min;Comedy, Drama;7.9;Jean-Marc Vallée;32094;?;
519;The Chorus;2004;97 min;Comedy, Drama, Music;7.9;Christophe Barratier;59705;$3.64M;
520;Iron Man;2008;126 min;Action, Adventure, Sci-Fi;7.9;Jon Favreau;988119;$318.41M;
521;Shaun of the Dead;2004;99 min;Comedy, Horror;7.9;Edgar Wright;532654;$13.54M;
522;Kal Ho Naa Ho;2003;186 min;Comedy, Drama, Musical;7.9;Nikkhil Advani;66449;$1.79M;
523;Head-On;2004;121 min;Drama, Romance;7.9;Fatih Akin;52929;?;
524;Mystic River;2003;138 min;Crime, Drama, Mystery;7.9;Clint Eastwood;438423;$90.14M;
525;Harry Potter and the Prisoner of Azkaban;2004;142 min;Adventure, Family, Fantasy;7.9;Alfonso Cuarón;583099;$249.36M;
526;Hero;2002;120 min;Action, Adventure, History;7.9;Yimou Zhang;177898;$53.71M;
527;Millennium Actress;2001;87 min;Animation, Drama, Fantasy;7.9;Satoshi Kon;25813;$0.19M;
528;Talk to Her;2002;112 min;Drama, Mystery, Romance;7.9;Pedro Almodóvar;109021;$9.28M;
529;No Man's Land;2001;98 min;Comedy, Drama, War;7.9;Danis Tanovic;46132;$1.06M;
530;Cowboy Bebop: The Movie;2001;115 min;Animation, Action, Crime;7.9;Shin'ichirô Watanabe, Tensai Okamura, Hiroyuki Okiura, Yoshiyuki Takei;45418;$1.00M;
531;The Bourne Identity;2002;119 min;Action, Mystery, Thriller;7.9;Doug Liman;525315;$121.66M;
532;Nine Queens;2000;114 min;Crime, Drama, Thriller;7.9;Fabián Bielinsky;51482;$1.22M;
533;Children of Men;2006;109 min;Action, Sci-Fi, Thriller;7.9;Alfonso Cuarón;480865;$35.55M;
534;All About My Mother;1999;101 min;Drama;7.9;Pedro Almodóvar;93210;$8.26M;
535;Almost Famous;2000;122 min;Adventure, Comedy, Drama;7.9;Cameron Crowe;265785;$32.53M;
536;Mulholland Drive;2001;147 min;Drama, Mystery, Thriller;7.9;David Lynch;338908;$7.22M;
537;Shrek;2001;90 min;Animation, Adventure, Comedy;7.9;Andrew Adamson, Vicky Jenson;640767;$267.67M;
538;Toy Story 2;1999;92 min;Animation, Adventure, Comedy;7.9;John Lasseter, Ash Brannon, Lee Unkrich;550161;$245.85M;
539;Knockin' on Heaven's Door;1997;87 min;Action, Crime, Comedy;7.9;Thomas Jahn;29055;$0.00M;
540;Boogie Nights;1997;155 min;Drama;7.9;Paul Thomas Anderson;251308;$26.40M;
541;Whisper of the Heart;1995;111 min;Animation, Drama, Family;7.9;Yoshifumi Kondô;57356;?;
542;Once Were Warriors;1994;102 min;Crime, Drama;7.9;Lee Tamahori;32898;$2.20M;
543;True Romance;1993;119 min;Crime, Drama, Romance;7.9;Tony Scott;217569;$12.28M;
544;Three Colors: Blue;1993;94 min;Drama, Music, Mystery;7.9;Krzysztof Kieslowski;96820;$1.32M;
545;Ninja Scroll;1993;94 min;Animation, Action, Adventure;7.9;Yoshiaki Kawajiri;36092;?;
546;Carlito's Way;1993;144 min;Crime, Drama, Thriller;7.9;Brian De Palma;209271;$36.95M;
547;Edward Scissorhands;1990;105 min;Drama, Fantasy, Romance;7.9;Tim Burton;463666;$56.36M;
548;My Left Foot;1989;103 min;Biography, Drama;7.9;Jim Sheridan;71510;$14.74M;
549;Kiki's Delivery Service;1989;103 min;Animation, Adventure, Drama;7.9;Hayao Miyazaki;133967;?;
550;Crimes and Misdemeanors;1989;104 min;Comedy, Drama;7.9;Woody Allen;56618;$18.25M;
551;The Untouchables;1987;119 min;Crime, Drama, Thriller;7.9;Brian De Palma;295807;$76.27M;
552;Hannah and Her Sisters;1986;107 min;Comedy, Drama;7.9;Woody Allen;69645;$40.08M;
553;Brazil;1985;132 min;Drama, Sci-Fi;7.9;Terry Gilliam;195288;$9.93M;
554;This Is Spinal Tap;1984;82 min;Comedy, Music;7.9;Rob Reiner;135119;$4.74M;
555;A Christmas Story;1983;93 min;Comedy, Family;7.9;Bob Clark;137143;$20.61M;
556;The Blues Brothers;1980;133 min;Action, Adventure, Comedy;7.9;John Landis;190802;$57.23M;
557;Manhattan;1979;96 min;Comedy, Drama, Romance;7.9;Woody Allen;136768;$45.70M;
558;All That Jazz;1979;123 min;Drama, Music, Musical;7.9;Bob Fosse;29953;$37.82M;
559;Dawn of the Dead;1978;127 min;Horror, Thriller;7.9;George A. Romero;116346;$5.10M;
560;The Holy Mountain;1973;114 min;Adventure, Drama, Fantasy;7.9;Alejandro Jodorowsky;40251;$0.06M;
561;Amarcord;1973;123 min;Comedy, Drama;7.9;Federico Fellini;41918;$0.58M;
562;The Discreet Charm of the Bourgeoisie;1972;102 min;Comedy;7.9;Luis Buñuel;41180;$0.20M;
563;Aguirre, the Wrath of God;1972;95 min;Action, Adventure, Biography;7.9;Werner Herzog;55002;?;
564;Harold and Maude;1971;91 min;Comedy, Drama, Romance;7.9;Hal Ashby;75120;?;
565;Patton;1970;172 min;Biography, Drama, War;7.9;Franklin J. Schaffner;98924;$61.70M;
566;The Wild Bunch;1969;135 min;Action, Adventure, Western;7.9;Sam Peckinpah;81865;$12.06M;
567;Night of the Living Dead;1968;96 min;Horror, Thriller;7.9;George A. Romero;122605;$0.09M;
568;The Lion in Winter;1968;134 min;Biography, Drama, History;7.9;Anthony Harvey;30427;$22.28M;
569;In the Heat of the Night;1967;110 min;Crime, Drama, Mystery;7.9;Norman Jewison;71147;$24.38M;
570;In Cold Blood;1967;134 min;Biography, Crime, Drama;7.9;Richard Brooks;25579;?;
571;Charade;1963;113 min;Comedy, Mystery, Romance;7.9;Stanley Donen;73231;$13.47M;
572;The Manchurian Candidate;1962;126 min;Drama, Thriller;7.9;John Frankenheimer;73714;?;
573;Spartacus;1960;197 min;Adventure, Biography, Drama;7.9;Stanley Kubrick;130253;$30.00M;
574;L'Avventura;1960;144 min;Drama, Mystery, Romance;7.9;Michelangelo Antonioni;28300;?;
575;Hiroshima Mon Amour;1959;90 min;Drama, Romance;7.9;Alain Resnais;30285;$0.09M;
576;The Ten Commandments;1956;220 min;Adventure, Drama;7.9;Cecil B. DeMille;67388;$93.74M;
577;The Searchers;1956;119 min;Adventure, Drama, Western;7.9;John Ford;85580;?;
578;East of Eden;1955;118 min;Drama;7.9;Elia Kazan;43766;?;
579;The Big Heat;1953;89 min;Crime, Film-Noir, Thriller;7.9;Fritz Lang;25410;?;
580;Harvey;1950;104 min;Comedy, Drama, Fantasy;7.9;Henry Koster;54231;?;
581;The Asphalt Jungle;1950;112 min;Crime, Drama, Film-Noir;7.9;John Huston;25559;?;
582;Miracle on 34th Street;1947;96 min;Comedy, Drama, Family;7.9;George Seaton;44194;$2.65M;
583;The Big Sleep;1946;114 min;Crime, Film-Noir, Mystery;7.9;Howard Hawks;82927;$6.54M;
584;The Lost Weekend;1945;101 min;Drama, Film-Noir;7.9;Billy Wilder;35525;$9.46M;
585;Sullivan's Travels;1941;90 min;Adventure, Comedy, Drama;7.9;Preston Sturges;25450;?;
586;The Philadelphia Story;1940;112 min;Comedy, Romance;7.9;George Cukor;66479;?;
587;His Girl Friday;1940;92 min;Comedy, Drama, Romance;7.9;Howard Hawks;56291;$0.30M;
588;Stagecoach;1939;96 min;Adventure, Drama, Western;7.9;John Ford;46438;?;
589;Bringing Up Baby;1938;102 min;Comedy, Family, Romance;7.9;Howard Hawks;59168;?;
590;The Adventures of Robin Hood;1938;102 min;Action, Adventure, Romance;7.9;Michael Curtiz, William Keighley;49295;$3.98M;
591;A Night at the Opera;1935;96 min;Comedy, Music, Musical;7.9;Sam Wood, Edmund Goulding;31896;$2.54M;
592;King Kong;1933;100 min;Adventure, Horror, Sci-Fi;7.9;Merian C. Cooper, Ernest B. Schoedsack;82780;$10.00M;
593;Freaks;1932;64 min;Drama, Horror;7.9;Tod Browning;44405;?;
594;Nosferatu;1922;94 min;Fantasy, Horror;7.9;F.W. Murnau;92762;?;
595;The Gentlemen;2019;113 min;Action, Comedy, Crime;7.8;Guy Ritchie;284227;?;
596;Badla;2019;118 min;Crime, Drama, Mystery;7.8;Sujoy Ghosh;25697;$1.86M;
597;Raazi;2018;138 min;Action, Drama, Thriller;7.8;Meghna Gulzar;28209;?;
598;Sound of Metal;2019;120 min;Drama, Music;7.8;Darius Marder;107282;?;
599;Dunkirk;2017;106 min;Action, Drama, History;7.8;Christopher Nolan;599836;$188.37M;
600;Perfect Strangers;2016;96 min;Comedy, Drama;7.8;Paolo Genovese;61094;?;
601;Hidden Figures;2016;127 min;Biography, Drama, History;7.8;Theodore Melfi;213262;$169.61M;
602;Paddington 2;2017;103 min;Animation, Adventure, Comedy;7.8;Paul King;68278;$40.44M;
603;Udta Punjab;2016;148 min;Action, Crime, Drama;7.8;Abhishek Chaubey;28940;?;
604;Kubo and the Two Strings;2016;101 min;Animation, Action, Adventure;7.8;Travis Knight;123659;$48.02M;
605;Manchester by the Sea;2016;137 min;Drama;7.8;Kenneth Lonergan;262981;$47.70M;
606;Land of Mine;2015;100 min;Drama, History, War;7.8;Martin Zandvliet;38744;$0.44M;
607;Rogue One: A Star Wars Story;2016;133 min;Action, Adventure, Sci-Fi;7.8;Gareth Edwards;582903;$532.18M;
608;Captain America: Civil War;2016;147 min;Action, Adventure, Sci-Fi;7.8;Anthony Russo, Joe Russo;713107;$408.08M;
609;The Hateful Eight;2015;168 min;Crime, Drama, Mystery;7.8;Quentin Tarantino;554137;$54.12M;
610;Little Women;2019;135 min;Drama, Romance;7.8;Greta Gerwig;168363;$108.10M;
611;Loving Vincent;2017;94 min;Animation, Biography, Crime;7.8;Dorota Kobiela, Hugh Welchman;54533;$6.74M;
612;Pride;2014;119 min;Biography, Comedy, Drama;7.8;Matthew Warchus;54490;?;
613;Nightcrawler;2014;117 min;Crime, Drama, Thriller;7.8;Dan Gilroy;498650;$32.38M;
614;Star Wars: Episode VII - The Force Awakens;2015;138 min;Action, Adventure, Sci-Fi;7.8;J.J. Abrams;887592;$936.66M;
615;The Great Beauty;2013;141 min;Drama;7.8;Paolo Sorrentino;84870;$2.85M;
616;The Lunchbox;2013;104 min;Drama, Romance;7.8;Ritesh Batra;53512;$4.23M;
617;Vicky Donor;2012;126 min;Comedy, Romance;7.8;Shoojit Sircar;41659;$0.17M;
618;Big Hero 6;2014;102 min;Animation, Action, Adventure;7.8;Don Hall, Chris Williams;431288;$222.53M;
619;Kai Po Che;2013;120 min;Drama, Sport;7.8;Abhishek Kapoor;35461;$1.12M;
620;About Time;2013;123 min;Comedy, Drama, Fantasy;7.8;Richard Curtis;324369;$15.32M;
621;English Vinglish;2012;134 min;Comedy, Drama, Family;7.8;Gauri Shinde;35122;$1.67M;
622;The Wind Rises;2013;126 min;Animation, Biography, Drama;7.8;Hayao Miyazaki;79541;$5.21M;
623;The Best Offer;2013;131 min;Crime, Drama, Mystery;7.8;Giuseppe Tornatore;113725;$0.09M;
624;Moonrise Kingdom;2012;94 min;Comedy, Drama, Romance;7.8;Wes Anderson;332712;$45.51M;
625;How to Train Your Dragon 2;2014;102 min;Animation, Action, Adventure;7.8;Dean DeBlois;318024;$177.00M;
626;The Big Short;2015;130 min;Biography, Comedy, Drama;7.8;Adam McKay;393108;$70.26M;
627;I Saw the Devil;2010;144 min;Action, Crime, Drama;7.8;Jee-woon Kim;120676;$0.13M;
628;The Girl with the Dragon Tattoo;2011;158 min;Crime, Drama, Mystery;7.8;David Fincher;442155;$102.52M;
629;Captain Phillips;2013;134 min;Adventure, Biography, Crime;7.8;Paul Greengrass;439357;$107.10M;
630;The Man from Nowhere;2010;119 min;Action, Crime, Drama;7.8;Jeong-beom Lee;66557;$0.01M;
631;Straight Outta Compton;2015;147 min;Biography, Drama, History;7.8;F. Gary Gray;189514;$161.20M;
632;The Irishman;2019;209 min;Biography, Crime, Drama;7.8;Martin Scorsese;353927;$7.00M;
633;Mother;2009;129 min;Crime, Drama, Mystery;7.8;Bong Joon Ho;58993;$0.55M;
634;The Chaser;2008;125 min;Action, Crime, Thriller;7.8;Na Hong-jin;62547;?;
635;Moon;2009;97 min;Drama, Mystery, Sci-Fi;7.8;Duncan Jones;346507;$5.01M;
636;The Hobbit: The Desolation of Smaug;2013;161 min;Adventure, Fantasy;7.8;Peter Jackson;623984;$258.37M;
637;The White Ribbon;2009;144 min;Drama, History, Mystery;7.8;Michael Haneke;71309;$2.22M;
638;The Girl with the Dragon Tattoo;2009;152 min;Crime, Drama, Mystery;7.8;Niels Arden Oplev;212898;$10.10M;
639;Skyfall;2012;143 min;Action, Adventure, Thriller;7.8;Sam Mendes;662155;$304.36M;
640;The Trial of the Chicago 7;2020;129 min;Drama, History, Thriller;7.8;Aaron Sorkin;159813;?;
641;Another Round;2020;117 min;Comedy, Drama;7.8;Thomas Vinterberg;114314;?;
642;The Fighter;2010;116 min;Biography, Drama, Sport;7.8;David O. Russell;352414;$93.62M;
643;Taken;2008;90 min;Action, Crime, Thriller;7.8;Pierre Morel;582135;$145.00M;
644;The Boy in the Striped Pajamas;2008;94 min;Drama, History, War;7.8;Mark Herman;202839;$9.03M;
645;Once;2007;86 min;Drama, Music, Romance;7.8;John Carney;113740;$9.44M;
646;The Hobbit: An Unexpected Journey;2012;169 min;Adventure, Fantasy;7.8;Peter Jackson;782972;$303.00M;
647;The Edge of Heaven;2007;122 min;Drama;7.8;Fatih Akin;31599;$0.74M;
648;Atonement;2007;123 min;Drama, Mystery, Romance;7.8;Joe Wright;263897;$50.93M;
649;Drive;2011;100 min;Crime, Drama;7.8;Nicolas Winding Refn;597805;$35.06M;
650;American Gangster;2007;157 min;Biography, Crime, Drama;7.8;Ridley Scott;407747;$130.16M;
651;Avatar;2009;162 min;Action, Adventure, Fantasy;7.8;James Cameron;1160052;$760.51M;
652;Mr. Nobody;2009;141 min;Drama, Fantasy, Romance;7.8;Jaco Van Dormael;224880;$0.00M;
653;Apocalypto;2006;139 min;Action, Adventure, Drama;7.8;Mel Gibson;300695;$50.87M;
654;Little Miss Sunshine;2006;101 min;Comedy, Drama;7.8;Jonathan Dayton, Valerie Faris;456205;$59.89M;
655;Hot Fuzz;2007;121 min;Action, Comedy, Mystery;7.8;Edgar Wright;483684;$23.64M;
656;The Curious Case of Benjamin Button;2008;166 min;Drama, Fantasy, Romance;7.8;David Fincher;616557;$127.51M;
657;Veer Zaara;2004;192 min;Drama, Family, Musical;7.8;Yash Chopra;51205;$2.92M;
658;Adam's Apples;2005;94 min;Comedy, Crime, Drama;7.8;Anders Thomas Jensen;48465;$0.00M;
659;Pride & Prejudice;2005;129 min;Drama, Romance;7.8;Joe Wright;274784;$38.41M;
660;The World's Fastest Indian;2005;127 min;Biography, Drama, Sport;7.8;Roger Donaldson;53520;$5.13M;
661;Tokyo Godfathers;2003;92 min;Animation, Adventure, Comedy;7.8;Satoshi Kon;34675;$0.13M;
662;Serenity;2005;119 min;Action, Adventure, Sci-Fi;7.8;Joss Whedon;289685;$25.51M;
663;Walk the Line;2005;136 min;Biography, Drama, Music;7.8;James Mangold;242243;$119.52M;
664;Evil;2003;113 min;Drama;7.8;Mikael Håfström;36856;$0.02M;
665;The Notebook;2004;123 min;Drama, Romance;7.8;Nick Cassavetes;542676;$81.00M;
666;The Motorcycle Diaries;2004;126 min;Adventure, Biography, Drama;7.8;Walter Salles;99324;$16.76M;
667;Lilya 4-Ever;2002;109 min;Crime, Drama;7.8;Lukas Moodysson;44405;$0.18M;
668;The Triplets of Belleville;2003;80 min;Animation, Comedy, Drama;7.8;Sylvain Chomet;53293;$7.00M;
669;Joint Security Area;2000;110 min;Action, Drama, Thriller;7.8;Park Chan-Wook;28488;?;
670;Waking Life;2001;101 min;Animation, Drama, Fantasy;7.8;Richard Linklater;62586;$2.89M;
671;Remember the Titans;2000;113 min;Biography, Drama, Sport;7.8;Boaz Yakin;205638;$115.65M;
672;Crouching Tiger, Hidden Dragon;2000;120 min;Action, Adventure, Fantasy;7.8;Ang Lee;261376;$128.08M;
673;Cast Away;2000;143 min;Adventure, Drama, Romance;7.8;Robert Zemeckis;554832;$233.63M;
674;The Insider;1999;157 min;Biography, Drama, Thriller;7.8;Michael Mann;166439;$28.97M;
675;October Sky;1999;108 min;Biography, Drama, Family;7.8;Joe Johnston;87278;$32.48M;
676;Titanic;1997;194 min;Drama, Romance;7.8;James Cameron;1098846;$659.33M;
677;Taste of Cherry;1997;95 min;Drama;7.8;Abbas Kiarostami;27565;$0.31M;
678;Fireworks;1997;103 min;Crime, Drama, Romance;7.8;Takeshi Kitano;29374;$0.23M;
679;Gattaca;1997;106 min;Drama, Sci-Fi, Thriller;7.8;Andrew Niccol;290959;$12.34M;
680;Breaking the Waves;1996;159 min;Drama;7.8;Lars von Trier;64880;$4.04M;
681;Ed Wood;1994;127 min;Biography, Comedy, Drama;7.8;Tim Burton;171144;$5.89M;
682;Tombstone;1993;130 min;Action, Biography, Drama;7.8;George P. Cosmatos, Kevin Jarre;136813;$56.51M;
683;The Sandlot;1993;101 min;Comedy, Drama, Family;7.8;David Mickey Evans;85061;$32.42M;
684;The Remains of the Day;1993;134 min;Drama, Romance;7.8;James Ivory;70276;$22.95M;
685;Naked;1993;131 min;Comedy, Drama;7.8;Mike Leigh;37228;$1.77M;
686;The Fugitive;1993;130 min;Action, Crime, Drama;7.8;Andrew Davis;280283;$183.88M;
687;A Bronx Tale;1993;121 min;Crime, Drama;7.8;Robert De Niro;134620;$17.27M;
688;Batman: Mask of the Phantasm;1993;76 min;Animation, Action, Crime;7.8;Kevin Altieri, Boyd Kirkland, Frank Paur, Dan Riba, Eric Radomski, Bruce Timm;46869;$5.62M;
689;Hard Boiled;1992;128 min;Action, Crime, Thriller;7.8;John Woo;48832;?;
690;The Double Life of Véronique;1991;98 min;Drama, Fantasy, Music;7.8;Krzysztof Kieslowski;45701;$2.00M;
691;Boyz n the Hood;1991;112 min;Crime, Drama;7.8;John Singleton;133557;$57.50M;
692;Dreams;1990;119 min;Drama, Fantasy;7.8;Akira Kurosawa, Ishirô Honda;25364;$1.96M;
693;Misery;1990;107 min;Drama, Thriller;7.8;Rob Reiner;196354;$61.28M;
694;Awakenings;1990;121 min;Biography, Drama;7.8;Penny Marshall;133506;$52.10M;
695;Glory;1989;122 min;Biography, Drama, History;7.8;Edward Zwick;130180;$26.83M;
696;The Killer;1989;111 min;Action, Crime, Drama;7.8;John Woo;47223;?;
697;Back to the Future Part II;1989;108 min;Adventure, Comedy, Sci-Fi;7.8;Robert Zemeckis;503382;$118.50M;
698;Mississippi Burning;1988;128 min;Crime, Drama, History;7.8;Alan Parker;95102;$34.60M;
699;Predator;1987;107 min;Action, Adventure, Sci-Fi;7.8;John McTiernan;388799;$59.74M;
700;Ferris Bueller's Day Off;1986;103 min;Comedy;7.8;John Hughes;337162;$70.14M;
701;The Goonies;1985;114 min;Adventure, Comedy, Family;7.8;Richard Donner;256945;$61.50M;
702;The Color Purple;1985;154 min;Drama;7.8;Steven Spielberg;82631;$98.47M;
703;The Breakfast Club;1985;97 min;Comedy, Drama;7.8;John Hughes;373739;$45.88M;
704;The Killing Fields;1984;141 min;Biography, Drama, History;7.8;Roland Joffé;53937;$34.70M;
705;Ghostbusters;1984;105 min;Action, Comedy, Fantasy;7.8;Ivan Reitman;375469;$238.63M;
706;The Right Stuff;1983;193 min;Adventure, Biography, Drama;7.8;Philip Kaufman;59653;$21.50M;
707;The King of Comedy;1982;109 min;Comedy, Crime, Drama;7.8;Martin Scorsese;96767;$2.50M;
708;E.T. the Extra-Terrestrial;1982;115 min;Family, Sci-Fi;7.8;Steven Spielberg;388638;$435.11M;
709;Kramer vs. Kramer;1979;105 min;Drama;7.8;Robert Benton;139442;$106.26M;
710;Days of Heaven;1978;94 min;Drama, Romance;7.8;Terrence Malick;55765;?;
711;The Outlaw Josey Wales;1976;135 min;Western;7.8;Clint Eastwood;70164;$31.80M;
712;The Man Who Would Be King;1975;129 min;Adventure, History, War;7.8;John Huston;47259;?;
713;The Conversation;1974;113 min;Drama, Mystery, Thriller;7.8;Francis Ford Coppola;106202;$4.42M;
714;Fantastic Planet;1973;72 min;Animation, Sci-Fi;7.8;René Laloux;28374;$0.19M;
715;The Day of the Jackal;1973;143 min;Crime, Drama, Thriller;7.8;Fred Zinnemann;39350;$16.06M;
716;Badlands;1973;94 min;Action, Crime, Drama;7.8;Terrence Malick;70004;?;
717;Cabaret;1972;124 min;Drama, Music, Musical;7.8;Bob Fosse;52218;$42.77M;
718;Willy Wonka & the Chocolate Factory;1971;100 min;Family, Fantasy, Musical;7.8;Mel Stuart;189264;$4.00M;
719;Midnight Cowboy;1969;113 min;Drama;7.8;John Schlesinger;106831;$44.79M;
720;Wait Until Dark;1967;108 min;Thriller;7.8;Terence Young;29387;$17.55M;
721;Guess Who's Coming to Dinner;1967;108 min;Comedy, Drama;7.8;Stanley Kramer;42296;$56.70M;
722;Bonnie and Clyde;1967;111 min;Action, Biography, Crime;7.8;Arthur Penn;108502;?;
723;The Umbrellas of Cherbourg;1964;91 min;Drama, Musical, Romance;7.8;Jacques Demy;25787;$0.03M;
724;My Fair Lady;1964;170 min;Drama, Family, Musical;7.8;George Cukor;91078;$72.00M;
725;Mary Poppins;1964;139 min;Comedy, Family, Fantasy;7.8;Robert Stevenson;164136;$102.27M;
726;The Longest Day;1962;178 min;Action, Drama, History;7.8;Ken Annakin, Andrew Marton, Gerd Oswald, Bernhard Wicki, Darryl F. Zanuck;54041;$39.10M;
727;Jules and Jim;1962;105 min;Drama, Romance;7.8;François Truffaut;39767;?;
728;The Innocents;1961;100 min;Horror;7.8;Jack Clayton;28887;$2.62M;
729;Breathless;1960;90 min;Crime, Drama;7.8;Jean-Luc Godard;77621;$0.34M;
730;The Quiet Man;1952;129 min;Comedy, Drama, Romance;7.8;John Ford;36801;$10.55M;
731;The African Queen;1951;105 min;Adventure, Drama, Romance;7.8;John Huston;76176;$0.54M;
732;Red River;1948;133 min;Action, Adventure, Drama;7.8;Howard Hawks, Arthur Rosson;29838;?;
733;Key Largo;1948;100 min;Action, Crime, Drama;7.8;John Huston;39166;?;
734;To Have and Have Not;1944;100 min;Adventure, Comedy, Film-Noir;7.8;Howard Hawks;33046;?;
735;Gaslight;1944;114 min;Crime, Drama, Mystery;7.8;George Cukor;26689;?;
736;Shadow of a Doubt;1943;108 min;Film-Noir, Thriller;7.8;Alfred Hitchcock;62849;?;
737;The Lady Vanishes;1938;96 min;Mystery, Thriller;7.8;Alfred Hitchcock;50380;?;
738;The Bride of Frankenstein;1935;75 min;Drama, Horror, Sci-Fi;7.8;James Whale;46116;$4.36M;
739;Duck Soup;1933;69 min;Comedy, Musical;7.8;Leo McCarey;58857;?;
740;Scarface;1932;93 min;Action, Crime, Drama;7.8;Howard Hawks, Richard Rosson;26933;?;
741;Frankenstein;1931;70 min;Drama, Horror, Sci-Fi;7.8;James Whale;68964;?;
742;The Mitchells vs the Machines;2021;113 min;Animation, Adventure, Comedy;7.7;Michael Rianda, Jeff Rowe;77384;?;
743;Roma;2018;135 min;Drama;7.7;Alfonso Cuarón;149126;?;
744;God's Own Country;2017;104 min;Drama, Romance;7.7;Francis Lee;28243;$0.34M;
745;Deadpool 2;2018;119 min;Action, Adventure, Comedy;7.7;David Leitch;521857;$324.59M;
746;Wind River;2017;107 min;Crime, Drama, Mystery;7.7;Taylor Sheridan;226138;$33.80M;
747;The Salesman;2016;124 min;Drama;7.7;Asghar Farhadi;56494;$2.40M;
748;Get Out;2017;104 min;Horror, Mystery, Thriller;7.7;Jordan Peele;534422;$176.04M;
749;Mission: Impossible - Fallout;2018;147 min;Action, Adventure, Thriller;7.7;Christopher McQuarrie;309512;$220.16M;
750;A Man Called Ove;2015;116 min;Comedy, Drama, Romance;7.7;Hannes Holm;51137;$3.36M;
751;What We Do in the Shadows;2014;86 min;Comedy, Horror;7.7;Jemaine Clement, Taika Waititi;169619;$3.33M;
752;When Marnie Was There;2014;103 min;Animation, Drama, Family;7.7;Hiromasa Yonebayashi;36718;$0.77M;
753;The Theory of Everything;2014;123 min;Biography, Drama, Romance;7.7;James Marsh;425433;$35.89M;
754;Kingsman: The Secret Service;2014;129 min;Action, Adventure, Comedy;7.7;Matthew Vaughn;619389;$128.26M;
755;The Fault in Our Stars;2014;126 min;Drama, Romance;7.7;Josh Boone;358497;$124.87M;
756;Me and Earl and the Dying Girl;2015;105 min;Comedy, Drama;7.7;Alfonso Gomez-Rejon;127594;$6.74M;
757;Birdman or (The Unexpected Virtue of Ignorance);2014;119 min;Comedy, Drama;7.7;Alejandro G. Iñárritu;603091;$42.34M;
758;The Past;2013;130 min;Drama, Mystery;7.7;Asghar Farhadi;47471;$1.33M;
759;Blue Is the Warmest Colour;2013;180 min;Drama, Romance;7.7;Abdellatif Kechiche;145050;$2.20M;
760;The Broken Circle Breakdown;2012;111 min;Drama, Music, Romance;7.7;Felix van Groeningen;40442;$0.18M;
761;Toy Story 4;2019;100 min;Animation, Adventure, Comedy;7.7;Josh Cooley;224444;$434.04M;
762;Captain America: The Winter Soldier;2014;136 min;Action, Adventure, Sci-Fi;7.7;Anthony Russo, Joe Russo;781325;$259.77M;
763;Rockstar;2011;159 min;Drama, Music, Romance;7.7;Imtiaz Ali;42151;$0.99M;
764;Nebraska;2013;115 min;Adventure, Comedy, Drama;7.7;Alexander Payne;115481;$17.65M;
765;Wreck-It Ralph;2012;101 min;Animation, Adventure, Comedy;7.7;Rich Moore;397667;$189.42M;
766;The Little Prince;2015;108 min;Animation, Adventure, Drama;7.7;Mark Osborne;59504;$1.34M;
767;Detachment;2011;98 min;Drama;7.7;Tony Kaye;80953;$0.07M;
768;Midnight in Paris;2011;94 min;Comedy, Fantasy, Romance;7.7;Woody Allen;404364;$56.82M;
769;Confessions;2010;106 min;Drama, Thriller;7.7;Tetsuya Nakashima;37561;?;
770;The Lego Movie;2014;100 min;Animation, Adventure, Comedy;7.7;Christopher Miller, Phil Lord;336103;$257.76M;
771;Gravity;2013;91 min;Adventure, Drama, Sci-Fi;7.7;Alfonso Cuarón;793773;$274.09M;
772;Star Trek Into Darkness;2013;132 min;Action, Adventure, Sci-Fi;7.7;J.J. Abrams;473056;$228.78M;
773;Beasts of No Nation;2015;137 min;Drama, War;7.7;Cary Joji Fukunaga;77966;$0.08M;
774;The Social Network;2010;120 min;Biography, Drama;7.7;David Fincher;657547;$96.96M;
775;X-Men: First Class;2011;131 min;Action, Adventure, Sci-Fi;7.7;Matthew Vaughn;664714;$146.41M;
776;The Hangover;2009;100 min;Comedy;7.7;Todd Phillips;745618;$277.32M;
777;Silver Linings Playbook;2012;122 min;Comedy, Drama, Romance;7.7;David O. Russell;682632;$132.09M;
778;Argo;2012;120 min;Biography, Drama, Thriller;7.7;Ben Affleck;592117;$136.03M;
779;500 Days of Summer;2009;95 min;Comedy, Drama, Romance;7.7;Marc Webb;489933;$32.39M;
780;Harry Potter and the Deathly Hallows: Part 1;2010;146 min;Adventure, Fantasy, Mystery;7.7;David Yates;505405;$295.98M;
781;Ponyo;2008;101 min;Animation, Adventure, Comedy;7.7;Hayao Miyazaki;133933;$15.09M;
782;Frost/Nixon;2008;122 min;Biography, Drama, History;7.7;Ron Howard;105991;$18.59M;
783;Paprika;2006;90 min;Animation, Drama, Fantasy;7.7;Satoshi Kon;77256;$0.88M;
784;Changeling;2008;141 min;Biography, Crime, Drama;7.7;Clint Eastwood;247310;$35.74M;
785;Flipped;2010;90 min;Comedy, Drama, Romance;7.7;Rob Reiner;86763;$1.75M;
786;The Girl Who Leapt Through Time;2006;98 min;Animation, Adventure, Comedy;7.7;Mamoru Hosoda;63436;?;
787;This Is England;2006;101 min;Crime, Drama;7.7;Shane Meadows;119069;$0.33M;
788;Ex Machina;2014;108 min;Drama, Sci-Fi, Thriller;7.7;Alex Garland;504740;$25.44M;
789;After the Wedding;2006;120 min;Drama;7.7;Susanne Bier;33669;$0.41M;
790;The Last King of Scotland;2006;123 min;Biography, Drama, History;7.7;Kevin Macdonald;181417;$17.61M;
791;Zodiac;2007;157 min;Crime, Drama, Mystery;7.7;David Fincher;500294;$33.08M;
792;Lucky Number Slevin;2006;110 min;Crime, Drama, Thriller;7.7;Paul McGuigan;306439;$22.49M;
793;Joyeux Noel;2005;116 min;Drama, History, Music;7.7;Christian Carion;28772;$1.05M;
794;Control;2007;122 min;Biography, Drama, Music;7.7;Anton Corbijn;63559;$0.87M;
795;Tangled;2010;100 min;Animation, Adventure, Comedy;7.7;Nathan Greno, Byron Howard;424837;$200.82M;
796;Black Book;2006;145 min;Drama, Thriller, War;7.7;Paul Verhoeven;74867;$4.40M;
797;Brokeback Mountain;2005;134 min;Drama, Romance;7.7;Ang Lee;339684;$83.04M;
798;3:10 to Yuma;2007;122 min;Action, Crime, Drama;7.7;James Mangold;298867;$53.61M;
799;Crash;2004;112 min;Crime, Drama, Thriller;7.7;Paul Haggis;428002;$54.58M;
800;Kung Fu Hustle;2004;99 min;Action, Comedy, Fantasy;7.7;Stephen Chow;133369;$17.11M;
801;The Bourne Supremacy;2004;108 min;Action, Mystery, Thriller;7.7;Paul Greengrass;447542;$176.24M;
802;The Machinist;2004;101 min;Drama, Thriller;7.7;Brad Anderson;372245;$1.08M;
803;Ray;2004;152 min;Biography, Drama, Music;7.7;Taylor Hackford;143303;$75.33M;
804;Lost in Translation;2003;102 min;Comedy, Drama;7.7;Sofia Coppola;434273;$44.59M;
805;Harry Potter and the Goblet of Fire;2005;157 min;Adventure, Family, Fantasy;7.7;Mike Newell;576909;$290.01M;
806;Man on Fire;2004;146 min;Action, Crime, Drama;7.7;Tony Scott;346286;$77.91M;
807;Coraline;2009;100 min;Animation, Drama, Family;7.7;Henry Selick;210061;$75.29M;
808;The Last Samurai;2003;154 min;Action, Drama;7.7;Edward Zwick;417107;$111.11M;
809;The Magdalene Sisters;2002;114 min;Drama;7.7;Peter Mullan;26745;$4.89M;
810;Finding Neverland;2004;106 min;Biography, Drama, Family;7.7;Marc Forster;202676;$51.68M;
811;Good Bye Lenin!;2003;121 min;Comedy, Drama, Romance;7.7;Wolfgang Becker;142083;$4.06M;
812;In America;2002;105 min;Drama;7.7;Jim Sheridan;42505;$15.54M;
813;Adaptation.;2002;115 min;Comedy, Drama;7.7;Spike Jonze;186602;$22.25M;
814;Black Hawk Down;2001;144 min;Drama, History, War;7.7;Ridley Scott;378540;$108.64M;
815;Road to Perdition;2002;117 min;Crime, Drama, Thriller;7.7;Sam Mendes;257860;$104.45M;
816;The Experiment;2001;120 min;Drama, Thriller;7.7;Oliver Hirschbiegel;92546;$0.14M;
817;Billy Elliot;2000;110 min;Drama, Music;7.7;Stephen Daldry;130847;$22.00M;
818;Hedwig and the Angry Inch;2001;95 min;Comedy, Drama, Music;7.7;John Cameron Mitchell;34613;$3.03M;
819;The Count of Monte Cristo;2002;134 min;Action, Adventure, Drama;7.7;Kevin Reynolds;133503;$54.23M;
820;Ocean's Eleven;2001;116 min;Crime, Thriller;7.7;Steven Soderbergh;541291;$183.42M;
821;Vampire Hunter D: Bloodlust;2000;103 min;Animation, Action, Fantasy;7.7;Jack Fletcher, Yoshiaki Kawajiri;30691;$0.15M;
822;O Brother, Where Art Thou?;2000;107 min;Adventure, Comedy, Crime;7.7;Joel Coen, Ethan Coen;299070;$45.51M;
823;Interstate 60: Episodes of the Road;2002;116 min;Adventure, Comedy, Drama;7.7;Bob Gale;31303;?;
824;South Park: Bigger, Longer & Uncut;1999;81 min;Animation, Comedy, Fantasy;7.7;Trey Parker;198752;$52.04M;
825;Office Space;1999;89 min;Comedy;7.7;Mike Judge;253024;$10.82M;
826;Happiness;1998;134 min;Comedy, Drama;7.7;Todd Solondz;68521;$2.81M;
827;The Boondock Saints;1999;108 min;Action, Crime, Thriller;7.7;Troy Duffy;233312;$0.03M;
828;Training Day;2001;122 min;Crime, Drama, Thriller;7.7;Antoine Fuqua;411289;$76.63M;
829;Run Lola Run;1998;80 min;Crime, Drama, Thriller;7.7;Tom Tykwer;194262;$7.27M;
830;Rushmore;1998;93 min;Comedy, Drama, Romance;7.7;Wes Anderson;176773;$17.11M;
831;Open Your Eyes;1997;119 min;Drama, Mystery, Sci-Fi;7.7;Alejandro Amenábar;67541;$0.37M;
832;Being John Malkovich;1999;113 min;Comedy, Drama, Fantasy;7.7;Spike Jonze;324031;$22.86M;
833;As Good as It Gets;1997;139 min;Comedy, Drama, Romance;7.7;James L. Brooks;288142;$148.48M;
834;The Game;1997;129 min;Action, Drama, Mystery;7.7;David Fincher;371204;$48.32M;
835;The Fifth Element;1997;126 min;Action, Adventure, Sci-Fi;7.7;Luc Besson;450811;$63.54M;
836;Le Dîner de Cons;1998;80 min;Comedy;7.7;Francis Veber;40192;$4.07M;
837;Donnie Brasco;1997;127 min;Biography, Crime, Drama;7.7;Mike Newell;292344;$41.91M;
838;Happy Together;1997;96 min;Drama, Romance;7.7;Kar-Wai Wong;26014;$0.19M;
839;Shine;1996;105 min;Biography, Drama, Music;7.7;Scott Hicks;53026;$35.81M;
840;Primal Fear;1996;129 min;Crime, Drama, Mystery;7.7;Gregory Hoblit;201301;$56.12M;
841;Hamlet;1996;242 min;Drama;7.7;Kenneth Branagh;37189;$4.41M;
842;Sense and Sensibility;1995;136 min;Drama, Romance;7.7;Ang Lee;109755;$43.18M;
843;A Little Princess;1995;97 min;Drama, Family, Fantasy;7.7;Alfonso Cuarón;33476;$10.02M;
844;Fallen Angels;1995;99 min;Comedy, Crime, Drama;7.7;Kar-Wai Wong;33317;?;
845;The Postman;1994;108 min;Biography, Comedy, Drama;7.7;Michael Radford, Massimo Troisi;35215;$21.85M;
846;Clerks;1994;92 min;Comedy;7.7;Kevin Smith;216858;$3.15M;
847;What's Eating Gilbert Grape;1993;118 min;Drama;7.7;Lasse Hallström;226015;$9.17M;
848;Short Cuts;1993;188 min;Comedy, Drama;7.7;Robert Altman;43798;$6.11M;
849;Philadelphia;1993;125 min;Drama;7.7;Jonathan Demme;232779;$77.32M;
850;The Muppet Christmas Carol;1992;85 min;Comedy, Drama, Family;7.7;Brian Henson;52057;$27.28M;
851;Malcolm X;1992;202 min;Biography, Drama, History;7.7;Spike Lee;90645;$48.17M;
852;The Last of the Mohicans;1992;112 min;Action, Adventure, Drama;7.7;Michael Mann;160102;$75.51M;
853;Porco Rosso;1992;94 min;Animation, Adventure, Comedy;7.7;Hayao Miyazaki;83702;?;
854;Glengarry Glen Ross;1992;100 min;Crime, Drama, Mystery;7.7;James Foley;101188;$10.73M;
855;A Few Good Men;1992;138 min;Drama, Thriller;7.7;Rob Reiner;248289;$141.34M;
856;Night on Earth;1991;129 min;Comedy, Drama;7.7;Jim Jarmusch;58198;$2.02M;
857;Fried Green Tomatoes;1991;130 min;Drama;7.7;Jon Avnet;71053;$82.42M;
858;Barton Fink;1991;116 min;Comedy, Drama, Thriller;7.7;Joel Coen, Ethan Coen;117363;$6.15M;
859;Miller's Crossing;1990;115 min;Crime, Drama, Thriller;7.7;Joel Coen, Ethan Coen;131280;$5.08M;
860;Who Framed Roger Rabbit;1988;104 min;Animation, Adventure, Comedy;7.7;Robert Zemeckis;191463;$156.45M;
861;The Vanishing;1988;107 min;Mystery, Thriller;7.7;George Sluizer;37102;?;
862;The Last Emperor;1987;163 min;Biography, Drama, History;7.7;Bernardo Bertolucci;98945;$43.98M;
863;Evil Dead II;1987;84 min;Comedy, Horror;7.7;Sam Raimi;155221;$5.92M;
864;Empire of the Sun;1987;153 min;Action, Drama, History;7.7;Steven Spielberg;120648;$22.24M;
865;The Name of the Rose;1986;130 min;Crime, Drama, Mystery;7.7;Jean-Jacques Annaud;105465;$7.15M;
866;Down by Law;1986;107 min;Comedy, Crime, Drama;7.7;Jim Jarmusch;50074;$1.44M;
867;Blue Velvet;1986;120 min;Drama, Mystery, Thriller;7.7;David Lynch;189893;$8.55M;
868;The Purple Rose of Cairo;1985;82 min;Comedy, Fantasy, Romance;7.7;Woody Allen;50124;$10.63M;
869;After Hours;1985;97 min;Comedy, Crime, Drama;7.7;Martin Scorsese;64975;$10.60M;
870;Zelig;1983;79 min;Comedy;7.7;Woody Allen;41212;$11.80M;
871;The Verdict;1982;129 min;Drama;7.7;Sidney Lumet;38242;$54.00M;
872;Star Trek II: The Wrath of Khan;1982;113 min;Action, Adventure, Sci-Fi;7.7;Nicholas Meyer;116887;$78.91M;
873;First Blood;1982;93 min;Action, Adventure;7.7;Ted Kotcheff;239031;$47.21M;
874;Ordinary People;1980;124 min;Drama;7.7;Robert Redford;49707;$54.80M;
875;Airplane!;1980;88 min;Comedy;7.7;Jim Abrahams, David Zucker, Jerry Zucker;225455;$83.40M;
876;Halloween;1978;91 min;Horror, Thriller;7.7;John Carpenter;251827;$47.00M;
877;The Tenant;1976;126 min;Drama, Thriller;7.7;Roman Polanski;42241;$1.92M;
878;Love and Death;1975;85 min;Comedy, War;7.7;Woody Allen;37553;?;
879;The Taking of Pelham One Two Three;1974;104 min;Action, Crime, Thriller;7.7;Joseph Sargent;29085;$2.49M;
880;Blazing Saddles;1974;93 min;Comedy, Western;7.7;Mel Brooks;132169;$119.50M;
881;Serpico;1973;113 min;Biography, Crime, Drama;7.7;Sidney Lumet;117266;$29.80M;
882;Enter the Dragon;1973;102 min;Action, Crime, Drama;7.7;Robert Clouse;101173;$25.00M;
883;Deliverance;1972;109 min;Adventure, Drama, Thriller;7.7;John Boorman;103763;$7.06M;
884;The French Connection;1971;104 min;Action, Crime, Drama;7.7;William Friedkin;116280;$15.63M;
885;Dirty Harry;1971;102 min;Action, Crime, Thriller;7.7;Don Siegel, Clint Eastwood;149840;$35.90M;
886;The Odd Couple;1968;105 min;Comedy;7.7;Gene Saks;33574;$44.53M;
887;The Dirty Dozen;1967;150 min;Action, Adventure, War;7.7;Robert Aldrich;70160;$45.30M;
888;Belle de Jour;1967;100 min;Drama, Romance;7.7;Luis Buñuel;42547;$0.03M;
889;A Man for All Seasons;1966;120 min;Biography, Drama, History;7.7;Fred Zinnemann;33356;$28.35M;
890;Repulsion;1965;105 min;Drama, Horror, Thriller;7.7;Roman Polanski;51372;?;
891;Zulu;1964;138 min;Drama, History, War;7.7;Cy Endfield;37820;?;
892;Goldfinger;1964;110 min;Action, Adventure, Thriller;7.7;Guy Hamilton;181931;$51.08M;
893;The Birds;1963;119 min;Drama, Horror, Mystery;7.7;Alfred Hitchcock;180341;$11.40M;
894;Cape Fear;1962;106 min;Drama, Thriller;7.7;J. Lee Thompson;27911;?;
895;Peeping Tom;1960;101 min;Drama, Horror, Thriller;7.7;Michael Powell;33583;$0.08M;
896;The Magnificent Seven;1960;128 min;Action, Adventure, Western;7.7;John Sturges;91671;$4.91M;
897;Eyes Without a Face;1960;90 min;Drama, Horror;7.7;Georges Franju;29802;$0.05M;
898;Invasion of the Body Snatchers;1956;80 min;Drama, Horror, Sci-Fi;7.7;Don Siegel;47427;?;
899;Rebel Without a Cause;1955;111 min;Drama;7.7;Nicholas Ray;87180;?;
900;The Ladykillers;1955;91 min;Comedy, Crime;7.7;Alexander Mackendrick;28250;?;
901;The Caine Mutiny;1954;125 min;Drama, War;7.7;Edward Dmytryk;26806;$21.75M;
902;The Day the Earth Stood Still;1951;92 min;Drama, Sci-Fi;7.7;Robert Wise;79782;?;
903;Fantasia;1940;125 min;Animation, Family, Fantasy;7.7;James Algar, Samuel Armstrong, Ford Beebe Jr., Norman Ferguson, David Hand, Jim Handley, T. Hee, Wilfred Jackson, Hamilton Luske, Bill Roberts, Paul Satterfield, Ben Sharpsteen;92199;$76.41M;
904;The Invisible Man;1933;71 min;Horror, Sci-Fi;7.7;James Whale;33002;?;
905;Dark Waters;2019;126 min;Biography, Drama, History;7.6;Todd Haynes;74635;?;
906;Searching;2018;102 min;Drama, Mystery, Thriller;7.6;Aneesh Chaganty;152910;$26.02M;
907;Once Upon a Time... In Hollywood;2019;161 min;Comedy, Drama;7.6;Quentin Tarantino;645491;$142.50M;
908;Loveless;2017;127 min;Drama;7.6;Andrey Zvyagintsev;31811;$0.57M;
909;Train to Busan;2016;118 min;Action, Horror, Thriller;7.6;Sang-ho Yeon;191825;$2.13M;
910;The Florida Project;2017;111 min;Drama;7.6;Sean Baker;104304;$5.90M;
911;Just Mercy;2019;137 min;Biography, Crime, Drama;7.6;Destin Daniel Cretton;57427;?;
912;Gifted;2017;101 min;Drama;7.6;Marc Webb;108252;$24.80M;
913;The Peanut Butter Falcon;2019;97 min;Adventure, Comedy, Drama;7.6;Tyler Nilson, Michael Schwartz;83043;$13.12M;
914;Victoria;2015;138 min;Crime, Drama, Romance;7.6;Sebastian Schipper;56128;?;
915;Guardians of the Galaxy Vol. 2;2017;136 min;Action, Adventure, Comedy;7.6;James Gunn;614620;$389.81M;
916;Only the Brave;2017;134 min;Action, Biography, Drama;7.6;Joseph Kosinski;63996;$18.34M;
917;Incredibles 2;2018;118 min;Animation, Action, Adventure;7.6;Brad Bird;270590;$608.58M;
918;Moana;2016;107 min;Animation, Adventure, Comedy;7.6;Ron Clements, John Musker, Don Hall, Chris Williams;299068;$248.76M;
919;Sicario;2015;121 min;Action, Crime, Drama;7.6;Denis Villeneuve;398011;$46.89M;
920;Creed;2015;133 min;Drama, Sport;7.6;Ryan Coogler;259553;$109.77M;
921;Leviathan;2014;140 min;Crime, Drama;7.6;Andrey Zvyagintsev;51676;$1.09M;
922;Hell or High Water;2016;102 min;Action, Crime, Drama;7.6;David Mackenzie;215341;$26.86M;
923;Philomena;2013;98 min;Biography, Comedy, Drama;7.6;Stephen Frears;97379;$37.71M;
924;The Body;2012;112 min;Mystery, Thriller;7.6;Oriol Paulo;62164;?;
925;The Raid: Redemption;2011;101 min;Action, Thriller;7.6;Gareth Evans;197532;$4.11M;
926;End of Watch;2012;109 min;Action, Crime, Drama;7.6;David Ayer;236579;$41.00M;
927;A Star Is Born;2018;136 min;Drama, Music, Romance;7.6;Bradley Cooper;357709;$215.29M;
928;True Grit;2010;110 min;Drama, Western;7.6;Ethan Coen, Joel Coen;324469;$171.24M;
929;In a Better World;2010;118 min;Drama, Romance;7.6;Susanne Bier;39450;$1.01M;
930;Despicable Me;2010;95 min;Animation, Adventure, Comedy;7.6;Pierre Coffin, Chris Renaud;518799;$251.51M;
931;50/50;2011;100 min;Comedy, Drama, Romance;7.6;Jonathan Levine;322818;$35.01M;
932;Celda 211;2009;113 min;Action, Adventure, Crime;7.6;Daniel Monzón;65969;?;
933;Moneyball;2011;133 min;Biography, Drama, Sport;7.6;Bennett Miller;393362;$75.61M;
934;The Skin I Live In;2011;120 min;Drama, Horror, Thriller;7.6;Pedro Almodóvar;145824;$3.19M;
935;Zombieland;2009;88 min;Adventure, Comedy, Horror;7.6;Ruben Fleischer;544590;$75.59M;
936;The Wave;2008;107 min;Drama, Thriller;7.6;Dennis Gansel;106059;?;
937;Sherlock Holmes;2009;128 min;Action, Adventure, Mystery;7.6;Guy Ritchie;604943;$209.03M;
938;The Blind Side;2009;129 min;Biography, Drama, Sport;7.6;John Lee Hancock;309569;$255.96M;
939;Seven Pounds;2008;123 min;Drama;7.6;Gabriele Muccino;294554;$69.95M;
940;Eastern Promises;2007;100 min;Action, Crime, Drama;7.6;David Cronenberg;235242;$17.11M;
941;Stardust;2007;127 min;Adventure, Family, Fantasy;7.6;Matthew Vaughn;263732;$38.63M;
942;The Secret of Kells;2009;75 min;Animation, Adventure, Family;7.6;Tomm Moore, Nora Twomey;33946;$0.69M;
943;Inside Man;2006;129 min;Crime, Drama, Mystery;7.6;Spike Lee;355247;$88.51M;
944;Gone Baby Gone;2007;114 min;Crime, Drama, Mystery;7.6;Ben Affleck;263168;$20.30M;
945;Dead Man's Shoes;2004;90 min;Crime, Drama, Thriller;7.6;Shane Meadows;51825;$0.01M;
946;Harry Potter and the Half-Blood Prince;2009;153 min;Action, Adventure, Family;7.6;David Yates;502018;$301.96M;
947;300;2006;117 min;Action, Drama;7.6;Zack Snyder;759277;$210.61M;
948;Match Point;2005;124 min;Drama, Romance, Thriller;7.6;Woody Allen;212440;$23.09M;
949;Watchmen;2009;162 min;Action, Drama, Mystery;7.6;Zack Snyder;527833;$107.51M;
950;Saw;2004;103 min;Horror, Mystery, Thriller;7.6;James Wan;398941;$56.00M;
951;Mysterious Skin;2004;105 min;Drama;7.6;Gregg Araki;67679;$0.70M;
952;A Very Long Engagement;2004;133 min;Drama, Mystery, Romance;7.6;Jean-Pierre Jeunet;72393;$6.17M;
953;The Station Agent;2003;89 min;Comedy, Drama;7.6;Tom McCarthy;69066;$5.74M;
954;21 Grams;2003;124 min;Crime, Drama, Thriller;7.6;Alejandro G. Iñárritu;231172;$16.29M;
955;Sympathy for Mr. Vengeance;2002;129 min;Crime, Drama, Thriller;7.6;Park Chan-Wook;65989;$0.05M;
956;25th Hour;2002;135 min;Drama;7.6;Spike Lee;175038;$13.06M;
957;The Butterfly Effect;2004;113 min;Drama, Sci-Fi, Thriller;7.6;Eric Bress, J. Mackye Gruber;468178;$57.94M;
958;I Am Sam;2001;132 min;Drama;7.6;Jessie Nelson;147032;$40.31M;
959;Battle Royale;2000;114 min;Action, Adventure, Drama;7.6;Kinji Fukasaku;176729;?;
960;The Royal Tenenbaums;2001;110 min;Comedy, Drama;7.6;Wes Anderson;277626;$52.36M;
961;Y tu mamá también;2001;106 min;Drama;7.6;Alfonso Cuarón;119615;$13.62M;
962;Harry Potter and the Sorcerer's Stone;2001;152 min;Adventure, Family, Fantasy;7.6;Chris Columbus;703517;$317.58M;
963;The Others;2001;104 min;Horror, Mystery, Thriller;7.6;Alejandro Amenábar;352033;$96.52M;
964;Minority Report;2002;145 min;Action, Crime, Mystery;7.6;Steven Spielberg;528207;$132.07M;
965;American Psycho;2000;101 min;Comedy, Crime, Drama;7.6;Mary Harron;529525;$15.07M;
966;The Thin Red Line;1998;170 min;Drama, History, War;7.6;Terrence Malick;180819;$36.40M;
967;Mulan;1998;88 min;Animation, Adventure, Comedy;7.6;Tony Bancroft, Barry Cook;269820;$120.62M;
968;Dark City;1998;100 min;Fantasy, Mystery, Sci-Fi;7.6;Alex Proyas;194180;$14.38M;
969;Lost Highway;1997;134 min;Mystery, Thriller;7.6;David Lynch;136830;$3.80M;
970;Die Hard with a Vengeance;1995;128 min;Action, Adventure, Thriller;7.6;John McTiernan;374604;$100.01M;
971;The Bridges of Madison County;1995;135 min;Drama, Romance;7.6;Clint Eastwood;77364;$71.52M;
972;Apollo 13;1995;140 min;Adventure, Drama, History;7.6;Ron Howard;281782;$173.84M;
973;Three Colors: White;1994;92 min;Comedy, Drama, Romance;7.6;Krzysztof Kieslowski;69912;$1.46M;
974;Dazed and Confused;1993;102 min;Comedy;7.6;Richard Linklater;174675;$7.99M;
975;My Cousin Vinny;1992;120 min;Comedy, Crime;7.6;Jonathan Lynn;115231;$52.93M;
976;Only Yesterday;1991;118 min;Animation, Drama, Romance;7.6;Isao Takahata;29793;$0.45M;
977;Home Alone;1990;103 min;Comedy, Family;7.6;Chris Columbus;510109;$285.76M;
978;When Harry Met Sally...;1989;95 min;Comedy, Drama, Romance;7.6;Rob Reiner;206542;$92.82M;
979;The Naked Gun: From the Files of Police Squad!;1988;85 min;Comedy, Crime;7.6;David Zucker;160996;$78.76M;
980;Withnail & I;1987;107 min;Comedy, Drama;7.6;Bruce Robinson;42375;$1.54M;
981;Lethal Weapon;1987;109 min;Action, Crime, Thriller;7.6;Richard Donner;246785;$65.21M;
982;Blood Simple;1984;99 min;Crime, Drama, Thriller;7.6;Joel Coen, Ethan Coen;92468;$2.15M;
983;Mad Max 2: The Road Warrior;1981;96 min;Action, Adventure, Sci-Fi;7.6;George Miller;173254;$12.47M;
984;The Warriors;1979;92 min;Action, Crime, Thriller;7.6;Walter Hill;98213;$22.49M;
985;Lupin III: The Castle of Cagliostro;1979;102 min;Animation, Action, Adventure;7.6;Hayao Miyazaki;29136;?;
986;The Muppet Movie;1979;95 min;Adventure, Comedy, Family;7.6;James Frawley;34601;$76.66M;
987;Escape from Alcatraz;1979;112 min;Action, Biography, Crime;7.6;Don Siegel;127769;$43.00M;
988;Watership Down;1978;91 min;Animation, Adventure, Drama;7.6;Martin Rosen, John Hubley;35277;?;
989;Close Encounters of the Third Kind;1977;138 min;Drama, Sci-Fi;7.6;Steven Spielberg;192727;$132.09M;
990;Duck, You Sucker!;1971;138 min;Drama, War, Western;7.6;Sergio Leone;33254;$0.70M;
991;Kelly's Heroes;1970;144 min;Adventure, Comedy, War;7.6;Brian G. Hutton;47478;$1.38M;
992;Where Eagles Dare;1968;158 min;Action, Adventure, War;7.6;Brian G. Hutton;55819;?;
993;The Jungle Book;1967;78 min;Animation, Adventure, Comedy;7.6;Wolfgang Reitherman;173212;$141.84M;
994;Breakfast at Tiffany's;1961;115 min;Comedy, Drama, Romance;7.6;Blake Edwards;173287;?;
995;Giant;1956;201 min;Drama, Western;7.6;George Stevens;37181;?;
996;Sabrina;1954;113 min;Comedy, Drama, Romance;7.6;Billy Wilder;62303;?;
997;From Here to Eternity;1953;118 min;Drama, Romance, War;7.6;Fred Zinnemann;45405;$30.50M;
998;Gilda;1946;110 min;Drama, Film-Noir, Romance;7.6;Charles Vidor;31031;?;
999;Lifeboat;1944;97 min;Drama, War;7.6;Alfred Hitchcock;27858;?;
1000;The 39 Steps;1935;86 min;Crime, Mystery, Thriller;7.6;Alfred Hitchcock;54743;?;
